case_id,layer,load,status,metrics,evidence,source
BASE-1,ios-unit,swift test --package-path ios/Packages/RinaCore,PASS,tests_run=163; tests_failed=0; exit_code=0,docs/stress-20260912-211559/logs/baseline/01_swift_rinacore.log,logs/baseline/summary.csv
BASE-2,esp32-host-cpp,c++ stream_transport_test.cpp (compile+run),PASS,tests_run=1; tests_failed=0; exit_code=0,docs/stress-20260912-211559/logs/baseline/02_stream_transport_test.log,logs/baseline/summary.csv
BASE-3,esp32-host-cpp,c++ ble_frame_sender_test.cpp (compile+run),PASS,tests_run=13; tests_failed=0; exit_code=0,docs/stress-20260912-211559/logs/baseline/03_ble_frame_sender_test.log,logs/baseline/summary.csv
4a,esp32-host-py,python3 blob_ownership_test.py,PASS,tests_run=1; tests_failed=0; exit_code=0,docs/stress-20260912-211559/logs/baseline/04_py_blob_ownership_test.log,logs/baseline/summary.csv
4b,esp32-host-py,python3 playback_ownership_test.py,PASS,tests_run=2; tests_failed=0; exit_code=0,docs/stress-20260912-211559/logs/baseline/04_py_playback_ownership_test.log,logs/baseline/summary.csv
4c,esp32-host-py,python3 presentation_telemetry_test.py,PASS,tests_run=1; tests_failed=0; exit_code=0,docs/stress-20260912-211559/logs/baseline/04_py_presentation_telemetry_test.log,logs/baseline/summary.csv
4d,esp32-host-py,python3 rmt_recovery_test.py,PASS,tests_run=1; tests_failed=0; exit_code=0,docs/stress-20260912-211559/logs/baseline/04_py_rmt_recovery_test.log,logs/baseline/summary.csv
4e,esp32-host-py,python3 serial_network_scheduling_test.py,PASS,tests_run=1; tests_failed=0; exit_code=0,docs/stress-20260912-211559/logs/baseline/04_py_serial_network_scheduling_test.log,logs/baseline/summary.csv
BASE-5,pico-protocol,tools/protocol_selftest.py,NOT_RUN,tests_run=0; tests_failed=0,docs/stress-20260912-211559/logs/baseline/05_protocol_selftest.log,logs/baseline/summary.csv
BASE-6,esp32-fw-build,pio run -e esp32s3-rmt-dma,PASS,exit_code=0,docs/stress-20260912-211559/logs/baseline/06_pio_build.log,logs/baseline/summary.csv
HW-UI-RECONNECT-15,real iPhone+board BLE,15 in-app disconnect→reconnect via Settings › Connection (Device Hub taps; waits 3/5 s then 1.2/4.5 s),PASS,cycles=15/15; latency=board disconnect→tx_subscribed 2.40-2.49 s incl. 1.2 s fixed wait (first cycles 4.3-18 s with longer waits); anomalies=none,metrics/device/ui_cycles_cycles.csv; logs/device/serial_realhw.log,metrics/device/connection.csv
HW-RELAUNCH-100,real iPhone+board BLE,100x SIGKILL + relaunch (devicectl) dwell {0;0.2;0.5;1;2;3} s seed 20260912 deadline 15 s,PASS,cycles=100/100; latency=launch→connect p50 0.62 s p99 1.05 s; launch→notify subscribed p50 0.93 s max 1.04 s; kill→board disconnect p50 0.11 s; anomalies=none,metrics/device/relaunch_cycles.csv; logs/device/relaunch_loop.log,metrics/device/connection.csv
HW-TAB-SWITCH-20,real iPhone+board BLE,20 tab switches at 0.3 s (Device Hub),PASS,cycles=20; latency=n/a; anomalies=none (no crash; board unaffected),session screenshots,metrics/device/connection.csv
HW-TCP-WIFI,real board TCP 5370,Wi-Fi/TCP connection stress on hardware,BLOCKED,cycles=0; latency=n/a; anomalies=board not discoverable via mDNS _rinalink._tcp and rinaboard.local did not resolve; Wi-Fi not configured,RUNBOOK.md,metrics/device/connection.csv
HW-DRAFT-ADOPT,real iPhone+board BLE,Faces draft sent (已同步) → start firmware text scroll → Faces tab → SIGKILL + relaunch (Device Hub + devicectl),FAIL,cycles=2 repros; latency=n/a; anomalies=Repro 1: 33-lit synced drawing → after scroll + relaunch draft = 7-lit frame 未傳送 (stable across 2nd relaunch). Repro 2: 7-lit draft sent → scroll → Faces showed 面板正在播放：滾動文字 with live board frames (lit 51/48) and undo disabled → after relaunch draft = scroll glyph 'R' 20 lit 未傳送. User drawing and undo history lost; board frame persisted as draft. Code: ControlViewModel.adoptBoardFrameIfUntouched (~495) + draftFrame didSet save (20/115),logs/device/draft_repro.txt; logs/device/serial_realhw2.log offsets 350392/401977/694779,metrics/device/connection.csv
HW-RAPID-M9,real iPhone+board BLE,9 rapid M (auto/manual toggle = firmware B3) taps on control bar from manual (Device Hub; ~90-210 ms apart on board),PASS,offered=9; board_received=9 button commands (9 MODE.change); seq=15-23 contiguous; final_ui=A (auto) after override expiry; final_board=mode=auto playback=auto_saved_face faceIndex cycling; anomalies=none,logs/device/serial_realhw3.log from offset 29449,metrics/device/rapid_taps.csv
HW-RAPID-MIXED-12,real iPhone+board BLE,12 rapid control-bar taps › › M ‹ › M › ‹ M ‹ › M from auto (~120-210 ms apart on board),PASS,offered=12; board_received=12 button commands in exact tap order (B1 B1 B3 B2 B1 B3 B1 B2 B3 B2 B1 B3); seq=24-35 contiguous; final_ui=A (auto) after override expiry; final_board=mode=auto playback=auto_saved_face; face path 2→3→4→(M)→3→4→(A)→5→4→(M)→3→4→(A) then auto cycling 5..11; anomalies=none; note: every mode toggle logs MODE change persist=1 (13 flash-persisted mode writes across bursts A+B); each button also issues SCROLL stop (stopped=0),logs/device/serial_realhw3.log from offset 52030,metrics/device/rapid_taps.csv
HW-RAPID-CROSSMODE-C1,real iPhone+board BLE,15 rapid cross-tab taps: Faces random x3 / M / Text tab + Play / M / Faces + invert / Text + Play / › / Faces + clear / M,PASS,mode/ownership part only; Faces taps INVALID - harness used stale coordinates y=430/493 that hit row gaps; rerun as C2; offered=15 (6 reached board-level controls); board_received=6: B3 set_scroll_loop B3 set_scroll_loop B1 B3 (exact order); seq=36-41 contiguous; final_ui=M after override expiry; Text tab 閒置; Faces draft unchanged (taps missed); final_board=mode=manual playback=idle faceIndex=10 lit=58; anomalies=none; both Play taps preempted by next control tap ~150 ms later (no blob/start after set_scroll_loop; no scroll left running),logs/device/serial_realhw3.log from offset 77293,metrics/device/rapid_taps.csv
HW-RAPID-CROSSMODE-C2,real iPhone+board BLE,rerun with verified coordinates: Faces random x3 / M / Text + Play / M / Faces(0.8 s) + invert / Text + Play / › / Faces(0.8 s) + clear / M,PASS,board/UI final state consistent; ownership correct; offered=18 taps; board_received=3 random live frames (43/33/26 lit) + B3 + set_scroll_loop + B3 + set_scroll_loop + B1 + clear live frame (0 lit) + B3; invert frame superseded by clear (latest-wins; allowed); seq=command seqs 46-62 with gaps for binary set_frame/other requests; final_ui=A after override; Text 閒置; Faces draft 0/370 then banner 面板正在播放：自動表情; final_board=mode=auto playback=auto_saved_face faceIndex=10; heapFree 89088 (-1348 B vs 90436); anomalies=none; both Play taps preempted by the next control tap (no scroll left running),logs/device/serial_realhw3.log bytes 97759-119390,metrics/device/rapid_taps.csv
HW-RAPID-LIVEPREVIEW-DRAFT-LOSS,real iPhone+board BLE,after C2: Faces draft cleared with 即時預覽 on (default) → M to manual,FAIL,offered=1; board_received=clear sent as custom_live_send lit=0 (so draft counts as synced); seq=n/a; final_ui=Faces editor shows board auto face 46 lit 已同步; Undo disabled; cleared draft gone; final_board=mode=manual; anomalies=none; same root cause as HW-DRAFT-ADOPT but reached with no scroll/relaunch: live preview (default on) marks every edit as sent so the first board change (auto face tick or mode toggle) replaces the drawing and resets undo,Device Hub screenshots; logs/device/serial_realhw3.log after 119390,metrics/device/rapid_taps.csv
HW-RAPID-TABS-30,real iPhone+board BLE,30 rapid taps across all 5 tabs incl. lip-sync and performance (no waits),PASS,offered=30; board_received=0 control commands (tab switches only; 47 BLE polls); seq=n/a; final_ui=all tabs render; Faces 46 已同步; lip-sync 未啟動; performance 未播放; final_board=mode=manual playback=idle faceIndex=1; heapFree back to 90436; anomalies=none; app PID 1384 before and after (no crash/restart),logs/device/serial_realhw3.log bytes 177409-194982,metrics/device/rapid_taps.csv
HW-RAPID-COLORS-8,real iPhone+board BLE,8 rapid colour picks via control-bar menu alternating default pink with Aqours members (red/blue/yellow) ending on red; ~0.35 s menu waits,PASS,offered=8; board_received=8 set_color in exact pick order #ec3fc7 #db0839 #ec3fc7 #66c0ff #ec3fc7 #ffd010 #ec3fc7 #db0839; seq=93-100 contiguous; final_ui=red swatch; final_board=color=#db0839; anomalies=none; no stray taps (loop toggle unchanged); picks 0.7-1.2 s apart so command queue never full,logs/device/serial_realhw3.log bytes 210596-220669,metrics/device/rapid_taps.csv
HW-SCROLL-PAUSE-TOGGLE,real iPhone+board BLE,10 pause/play taps at 0.4 s during firmware scroll (325 frames @100 ms),PASS,offered=10; board_commands=10 pause events; board_seq_range=user=1/0 alternating; dropped=0; final_ui=playing 320/325; final_board_idx=ticks continue after last toggle; anomalies=none,logs/device/serial_realhw2.log from offset 279741,metrics/device/scroll_controls.csv
HW-SCROLL-STEP-BURST,real iPhone+board BLE,10 step-forward + 10 step-back taps with no wait (~150-210 ms apart on board),PASS,UI and board agree; wraparound 0->324 correct; offered=20; board_commands=20 scroll_step; board_seq_range=seq 226-245 contiguous; dropped=0; final_ui=paused 325/325; final_board_idx=324/325 (0-based) = UI 325; anomalies=none,logs/device/serial_realhw2.log from offset 279741,metrics/device/scroll_controls.csv
HW-SCROLL-BLE-DISCONNECT,real iPhone+board BLE,UI disconnect then reconnect (6.45 s gap) during firmware scroll,PASS,board scroll uninterrupted at 10.0 fps incl. wrap 320->5; UI resynced to board position without restarting timeline; offered=1 cycle; board_commands=subscribe + 2x get_info after reconnect; no start/stop/seek; board_seq_range=n/a; dropped=0; final_ui=UI 40/325 then 92/325 ~5 s later; final_board_idx=board idx ~40 at +13.8 s and ~92 at +18.8 s; anomalies=none (intentional disconnect reason=531),logs/device/serial_realhw2.log from offset 279741 (board ms 4984xxx),metrics/device/scroll_controls.csv
HW-SCROLL-APP-KILL,real iPhone+board BLE,SIGKILL RinaBoard via devicectl + relaunch after 3 s during firmware scroll,PASS,scroll unaffected; UI resynced within ~2 s sampling resolution); SIDE FINDING: face draft reverted from 33 lit/已同步 to 7 lit/未傳送 after relaunch; offered=1 cycle; board_commands=subscribe + 2x get_info after reconnect (seq restarted at 2); no start/stop/seek/apply_packed; board_seq_range=n/a; dropped=0; final_ui=app reopened on Faces tab; text tab 播放中 267 then 306; later 196 while board log showed 170-190; final_board_idx=board ticks uninterrupted 200->320->5->55 at 10 fps; reconnect 3.96 s after kill; anomalies=none (intentional),logs/device/serial_realhw2.log from offset 350392; logs/device/killrelaunch_scroll.txt,metrics/device/scroll_controls.csv
HW-SOAK-15MIN,real iPhone+board BLE,firmware text scroll 325 frames @100 ms looped + status every 10 s + disturbances (10 pause toggles; 20 steps; 1 UI BLE disconnect; 2 app SIGKILL/relaunch),PASS,duration_s=901; stop_reason=duration (battery floor 30% not reached); scroll_clean_intervals=886 (6 excluded around control events); scroll_fps_p1_p50_p99=10.00/10.00/10.00; cumulative_drift_frames=0.00 over 8860 frames; heapFree_first_min_last=90436/89620/90436; largestBlock=8126452 constant; refreshUs_range=11017-11064 us; refreshMaxUs=11099; refreshFail=0; queued_max=0; battery_start_end=58% (7.60 V) -> 50% (7.51 V); resets=0; anomalies=3 intentional disconnects only (soak_guard prints each 2-3x),metrics/device/soak_status.csv; metrics/device/soak_scroll_drift.csv; logs/device/soak_guard.log; logs/device/serial_realhw2.log bytes 279741-632849,metrics/device/soak.csv
HW-FLOOD-DRAG,real iPhone+board BLE,20 rapid drags on Faces grid with live preview (Device Hub),PASS,converged; 8 board intervals <33 ms noted; offered=unknown (per-cell edits); board_applied=19; board_interval_ms_min=5; board_interval_ms_p50=209; board_interval_ms_max=660; under_33ms=8; final_ui_lit=142; final_board_lit=142; queued_after=0; anomalies=none,logs/device/serial_realhw2.log bytes from logs/device/flood1_range.txt,metrics/device/ui_flood.csv
HW-FLOOD-INVERT,real iPhone+board BLE,40 rapid 反轉 taps with live preview (Device Hub),PASS,all 40 applied in order; alternating 228/142; final 142; offered=40; board_applied=40; board_interval_ms_min=120; board_interval_ms_p50=178; board_interval_ms_max=211; under_33ms=0; final_ui_lit=142; final_board_lit=142; queued_after=0; anomalies=none,logs/device/serial_realhw2.log bytes from logs/device/flood2_range.txt,metrics/device/ui_flood.csv
HW-RESTORE-DRAFT,real iPhone+board BLE,70 undo taps (Device Hub) to restore user's draft after floods,PASS,undo stack exhausted at original face; 已同步 shown; offered=70; board_applied=n/a; final_ui_lit=33; final_board_lit=33; queued_after=0; anomalies=none,Device Hub screenshots in session transcript,metrics/device/ui_flood.csv
F1-CONST,fw-parser,1,PASS,seed=-; metrics=magic=0xA5 hdr=6 maxPayload=4096 inbound=4166 perPass=8,logs/firmware/f1_parser.log,metrics/firmware/cases.csv
F1-SPLIT-EVERY-OFFSET,fw-parser,1,PASS,seed=-; metrics=offsets=107 failures=0,logs/firmware/f1_parser.log,metrics/firmware/cases.csv
F1-SPLIT-BYTE-BY-BYTE,fw-parser,1,PASS,seed=-; metrics=bytes=106,logs/firmware/f1_parser.log,metrics/firmware/cases.csv
F1-GLUE-BUDGET,fw-parser,1,PASS,seed=-; metrics=perPass=8/8/4/0,logs/firmware/f1_parser.log,metrics/firmware/cases.csv
F1-BADMAGIC-1000B-THEN-PING,fw-parser,1,PASS,seed=-; metrics=replyType=134,logs/firmware/f1_parser.log,metrics/firmware/cases.csv
F1-MAGIC-LEN65535-HEADER-THEN-PING,fw-parser,1,PASS,seed=-; metrics=replyType=134,logs/firmware/f1_parser.log,metrics/firmware/cases.csv
F1-LEN-0,fw-parser,1,PASS,seed=-; metrics=reply=255 code=400 nextPing=134,logs/firmware/f1_parser.log,metrics/firmware/cases.csv
F1-LEN-4095,fw-parser,1,PASS,seed=-; metrics=reply=255 code=400 nextPing=134,logs/firmware/f1_parser.log,metrics/firmware/cases.csv
F1-LEN-4096,fw-parser,1,PASS,seed=-; metrics=reply=255 code=400 nextPing=134,logs/firmware/f1_parser.log,metrics/firmware/cases.csv
F1-LEN-4097-RESYNC,fw-parser,1,PASS,seed=-; metrics=nextPingReply=134,logs/firmware/f1_parser.log,metrics/firmware/cases.csv
F1-LEN-4097-EXPLICIT-REJECT,fw-parser,1,FAIL,seed=-; metrics=oversizeReplyType=0 (0=silently skipped; no ERR; no disconnect),logs/firmware/f1_parser.log,metrics/firmware/cases.csv
F1-LEN-65535-RESYNC,fw-parser,1,PASS,seed=-; metrics=nextPingReply=134,logs/firmware/f1_parser.log,metrics/firmware/cases.csv
F1-LEN-65535-EXPLICIT-REJECT,fw-parser,1,FAIL,seed=-; metrics=oversizeReplyType=0 (0=silently skipped; no ERR; no disconnect),logs/firmware/f1_parser.log,metrics/firmware/cases.csv
F1-TRUNC-THEN-VALID,fw-parser,1,FAIL,seed=-; metrics=validPingAnswered=0 swallowedIntoTruncated=1 afterFill:seq30=1 seq31=0,logs/firmware/f1_parser.log,metrics/firmware/cases.csv
F1-OVERSIZE-PHANTOM-DISPATCH,fw-parser,1,FAIL,seed=-; metrics=phantomReplyType=144 displayMarkerDec=90(injected=90) (payload bytes of a rejected frame re-parsed as SET_FRAME),logs/firmware/f1_parser.log,metrics/firmware/cases.csv
F1-UNKNOWN-TYPE,fw-parser,1,PASS,seed=-; metrics=code=400,logs/firmware/f1_parser.log,metrics/firmware/cases.csv
F1-SETFRAME-PAYLOAD-46,fw-parser,1,PASS,seed=-; metrics=replyType=255 expectAccept=0 code=400,logs/firmware/f1_parser.log,metrics/firmware/cases.csv
F1-SETFRAME-PAYLOAD-47,fw-parser,1,PASS,seed=-; metrics=replyType=255 expectAccept=0 code=400,logs/firmware/f1_parser.log,metrics/firmware/cases.csv
F1-SETFRAME-PAYLOAD-48,fw-parser,1,PASS,seed=-; metrics=replyType=255 expectAccept=0 code=400,logs/firmware/f1_parser.log,metrics/firmware/cases.csv
F1-SETFRAME-PAYLOAD-49-VALID,fw-parser,1,PASS,seed=-; metrics=replyType=144 expectAccept=1,logs/firmware/f1_parser.log,metrics/firmware/cases.csv
F1-SETFRAME-PAYLOAD-50-TRAILING,fw-parser,1,PASS,seed=-; metrics=replyType=144 expectAccept=1,logs/firmware/f1_parser.log,metrics/firmware/cases.csv
F1-SETFRAME-FRAME46,fw-parser,1,PASS,seed=-; metrics=replyType=255 expectAccept=0 code=400,logs/firmware/f1_parser.log,metrics/firmware/cases.csv
F1-SETFRAME-FRAME48,fw-parser,1,PASS,seed=-; metrics=replyType=144 expectAccept=1,logs/firmware/f1_parser.log,metrics/firmware/cases.csv
F1-SETFRAME-TAILBITS,fw-parser,1,PASS,seed=-; metrics=replyType=255 expectAccept=0 code=400,logs/firmware/f1_parser.log,metrics/firmware/cases.csv
F1-SETFRAME-REASONLEN-OVERRUN,fw-parser,1,PASS,seed=-; metrics=replyType=255 expectAccept=0 code=400,logs/firmware/f1_parser.log,metrics/firmware/cases.csv
F1-BLE-OVERFLOW-RESYNC,fw-parser,1,PASS,seed=-; metrics=err413=1 nextPing=134,logs/firmware/f1_parser.log,metrics/firmware/cases.csv
F1-FUZZ-POP,fw-parser,1000000,PASS,seed=0x0000000000c0ffee; metrics=iters=1000000 frames=98828 mismatches=0 capOrStallViolations=0 secs=2.168287,logs/firmware/f1_parser.log,metrics/firmware/cases.csv
F1-FUZZ-DISPATCH,fw-parser,1000000,PASS,seed=0x0000000000c0aebf; metrics=iters=1000000 passes=700192 replyGroups=353483 maxGroupsPerPass=8 budgetViolations=0 capViolations=0 lockRecursion=0 lockOrder=0 secs=2.892314,logs/firmware/f1_parser.log,metrics/firmware/cases.csv
F2-BLE-NOT-WRITABLE-REPLY,fw-ble-tcp-sender,1,PASS,seed=-; metrics=bytes=0 blockedMs=250 disconnect=1,logs/firmware/f2_senders.log,metrics/firmware/cases.csv
F2-BLE-NOT-WRITABLE-EVENT,fw-ble-tcp-sender,1,PASS,seed=-; metrics=bytes=0 blockedMs=0 droppedCleanly=1,logs/firmware/f2_senders.log,metrics/firmware/cases.csv
F2-BLE-ZERO-LENGTH-FRAME,fw-ble-tcp-sender,1,PASS,seed=-; metrics=attempts=0,logs/firmware/f2_senders.log,metrics/firmware/cases.csv
F2-BLE-CHUNK0,fw-ble-tcp-sender,1,PASS,seed=-; metrics=chunk=0 rejected,logs/firmware/f2_senders.log,metrics/firmware/cases.csv
F2-BLE-PARTIAL-THEN-DISCONNECT-REPLY,fw-ble-tcp-sender,1,PASS,seed=-; metrics=bytesSent=40 teardown=1,logs/firmware/f2_senders.log,metrics/firmware/cases.csv
F2-BLE-PARTIAL-THEN-DISCONNECT-EVENT,fw-ble-tcp-sender,1,PASS,seed=-; metrics=bytesSent=40 teardown=1,logs/firmware/f2_senders.log,metrics/firmware/cases.csv
F2-BLE-DEADLINE-STALL-249MS,fw-ble-tcp-sender,249,PASS,seed=-; metrics=complete=1 blockedMs=253 (tolerates exactly 250 ms of 1 ms stalls),logs/firmware/f2_senders.log,metrics/firmware/cases.csv
F2-BLE-DEADLINE-STALL-250MS,fw-ble-tcp-sender,250,PASS,seed=-; metrics=complete=1 blockedMs=254 (tolerates exactly 250 ms of 1 ms stalls),logs/firmware/f2_senders.log,metrics/firmware/cases.csv
F2-BLE-DEADLINE-STALL-251MS,fw-ble-tcp-sender,251,PASS,seed=-; metrics=complete=0 blockedMs=250 (tolerates exactly 250 ms of 1 ms stalls),logs/firmware/f2_senders.log,metrics/firmware/cases.csv
F2-BLE-DEADLINE-COARSE-PAUSE-249,fw-ble-tcp-sender,249,PASS,seed=-; metrics=complete=1 blockedMs=502 bound=deadline+onePause,logs/firmware/f2_senders.log,metrics/firmware/cases.csv
F2-BLE-DEADLINE-COARSE-PAUSE-250,fw-ble-tcp-sender,250,PASS,seed=-; metrics=complete=0 blockedMs=250 bound=deadline+onePause,logs/firmware/f2_senders.log,metrics/firmware/cases.csv
F2-BLE-DEADLINE-COARSE-PAUSE-251,fw-ble-tcp-sender,251,PASS,seed=-; metrics=complete=0 blockedMs=251 bound=deadline+onePause,logs/firmware/f2_senders.log,metrics/firmware/cases.csv
F2-BLE-WORSTCASE-BLOCK-ATT20,fw-ble-tcp-sender,4102B,PASS,seed=-; metrics=slices=206 complete=0 bytes=2500 blockedMs=375,logs/firmware/f2_senders.log,metrics/firmware/cases.csv
F2-BLE-WORSTCASE-BLOCK-ATT182,fw-ble-tcp-sender,4102B,PASS,seed=-; metrics=slices=23 complete=1 bytes=4102 blockedMs=69,logs/firmware/f2_senders.log,metrics/firmware/cases.csv
F2-BLE-WORSTCASE-BLOCK-ATT244,fw-ble-tcp-sender,4102B,PASS,seed=-; metrics=slices=17 complete=1 bytes=4102 blockedMs=51,logs/firmware/f2_senders.log,metrics/firmware/cases.csv
F2-BLE-WORSTCASE-BLOCK-ATT509,fw-ble-tcp-sender,4102B,PASS,seed=-; metrics=slices=9 complete=1 bytes=4102 blockedMs=27,logs/firmware/f2_senders.log,metrics/firmware/cases.csv
F2-BLE-STREAM-INTEGRITY-ATT20,fw-ble-tcp-sender,3000 frames,PASS,seed=0x186515476; metrics=sessions=256 complete=2713 droppedEvents=32 teardowns=255 violations=0 maxBlockMs=452,logs/firmware/f2_senders.log,metrics/firmware/cases.csv
F2-BLE-STREAM-INTEGRITY-ATT182,fw-ble-tcp-sender,3000 frames,PASS,seed=0x186515638; metrics=sessions=39 complete=2942 droppedEvents=20 teardowns=38 violations=0 maxBlockMs=270,logs/firmware/f2_senders.log,metrics/firmware/cases.csv
F2-BLE-STREAM-INTEGRITY-ATT244,fw-ble-tcp-sender,3000 frames,PASS,seed=0x186515700; metrics=sessions=24 complete=2962 droppedEvents=15 teardowns=23 violations=0 maxBlockMs=267,logs/firmware/f2_senders.log,metrics/firmware/cases.csv
F2-BLE-STREAM-INTEGRITY-ATT509,fw-ble-tcp-sender,3000 frames,PASS,seed=0x186515965; metrics=sessions=15 complete=2979 droppedEvents=7 teardowns=14 violations=0 maxBlockMs=257,logs/firmware/f2_senders.log,metrics/firmware/cases.csv
F2-TCP-SHORT-WRITE-1B,fw-ble-tcp-sender,4102B,PASS,seed=-; metrics=bytes=250 blockedMs=250 teardown,logs/firmware/f2_senders.log,metrics/firmware/cases.csv
F2-TCP-SHORT-WRITE-1000B,fw-ble-tcp-sender,4102B,PASS,seed=-; metrics=blockedMs=4,logs/firmware/f2_senders.log,metrics/firmware/cases.csv
F2-TCP-ZERO-WRITE-REPLY,fw-ble-tcp-sender,4102B,PASS,seed=-; metrics=bytes=0 blockedMs=250,logs/firmware/f2_senders.log,metrics/firmware/cases.csv
F2-TCP-ZERO-WRITE-EVENT,fw-ble-tcp-sender,4102B,PASS,seed=-; metrics=bytes=0 blockedMs=0,logs/firmware/f2_senders.log,metrics/firmware/cases.csv
F2-TCP-EVENT-PARTIAL-THEN-ZERO,fw-ble-tcp-sender,4102B,PASS,seed=-; metrics=event kept writing after first byte; blockedMs=4,logs/firmware/f2_senders.log,metrics/firmware/cases.csv
F2-TCP-BROKEN,fw-ble-tcp-sender,1,PASS,seed=-; metrics=immediate,logs/firmware/f2_senders.log,metrics/firmware/cases.csv
F2-TCP-PARTIAL-THEN-DISCONNECT,fw-ble-tcp-sender,1,PASS,seed=-; metrics=bytes=1000 teardown,logs/firmware/f2_senders.log,metrics/firmware/cases.csv
F2-TCP-DEADLINE-249MS,fw-ble-tcp-sender,249,PASS,seed=-; metrics=complete=1 blockedMs=249,logs/firmware/f2_senders.log,metrics/firmware/cases.csv
F2-TCP-DEADLINE-250MS,fw-ble-tcp-sender,250,PASS,seed=-; metrics=complete=0 blockedMs=250,logs/firmware/f2_senders.log,metrics/firmware/cases.csv
F2-TCP-DEADLINE-251MS,fw-ble-tcp-sender,251,PASS,seed=-; metrics=complete=0 blockedMs=250,logs/firmware/f2_senders.log,metrics/firmware/cases.csv
F2-TCP-STREAM-INTEGRITY,fw-ble-tcp-sender,3000 frames,PASS,seed=0x7c9; metrics=teardowns=7 droppedEvents=113 violations=0,logs/firmware/f2_senders.log,metrics/firmware/cases.csv
F3-CONST,fw-frame-queue,1,PASS,seed=-; metrics=PACKED_FRAME_QUEUE_DEPTH=3 (array) PACKED_FRAME_MIN_INTERVAL_MS=33,logs/firmware/f3_queue.log,metrics/firmware/cases.csv
F3-RATE-10HZ-LOOP2MS,fw-frame-queue,10Hz/10s,PASS,seed=0x000000000000f30a; metrics=offered=100 okReplies=100 presented=100 dropped=0 queuedCtr=0 dequeuedCtr=0 maxPending=0 minGapMs=98 maxLatencyMs=0 presentedHz=10.000000 finalMarkerShown=1 stale=0 conserved=1,logs/firmware/f3_queue.log,metrics/firmware/cases.csv
F3-RATE-10HZ-LOOP5MS,fw-frame-queue,10Hz/10s,PASS,seed=0x000000000000f30a; metrics=offered=100 okReplies=100 presented=100 dropped=0 queuedCtr=0 dequeuedCtr=0 maxPending=0 minGapMs=95 maxLatencyMs=0 presentedHz=10.000000 finalMarkerShown=1 stale=0 conserved=1,logs/firmware/f3_queue.log,metrics/firmware/cases.csv
F3-RATE-25HZ-LOOP2MS,fw-frame-queue,25Hz/10s,PASS,seed=0x000000000000f319; metrics=offered=249 okReplies=249 presented=249 dropped=0 queuedCtr=0 dequeuedCtr=0 maxPending=0 minGapMs=38 maxLatencyMs=0 presentedHz=24.900000 finalMarkerShown=1 stale=0 conserved=1,logs/firmware/f3_queue.log,metrics/firmware/cases.csv
F3-RATE-25HZ-LOOP5MS,fw-frame-queue,25Hz/10s,PASS,seed=0x000000000000f319; metrics=offered=249 okReplies=249 presented=249 dropped=0 queuedCtr=0 dequeuedCtr=0 maxPending=0 minGapMs=35 maxLatencyMs=0 presentedHz=24.900000 finalMarkerShown=1 stale=0 conserved=1,logs/firmware/f3_queue.log,metrics/firmware/cases.csv
F3-RATE-50HZ-LOOP2MS,fw-frame-queue,50Hz/10s,PASS,seed=0x000000000000f332; metrics=offered=498 okReplies=498 presented=294 dropped=204 queuedCtr=497 dequeuedCtr=293 maxPending=1 minGapMs=34 maxLatencyMs=22 presentedHz=29.400000 finalMarkerShown=1 stale=0 conserved=1,logs/firmware/f3_queue.log,metrics/firmware/cases.csv
F3-RATE-50HZ-LOOP5MS,fw-frame-queue,50Hz/10s,PASS,seed=0x000000000000f332; metrics=offered=498 okReplies=498 presented=286 dropped=212 queuedCtr=497 dequeuedCtr=285 maxPending=1 minGapMs=35 maxLatencyMs=35 presentedHz=28.600000 finalMarkerShown=1 stale=0 conserved=1,logs/firmware/f3_queue.log,metrics/firmware/cases.csv
F3-RATE-75HZ-LOOP2MS,fw-frame-queue,75Hz/10s,PASS,seed=0x000000000000f34b; metrics=offered=747 okReplies=747 presented=294 dropped=453 queuedCtr=746 dequeuedCtr=293 maxPending=1 minGapMs=34 maxLatencyMs=14 presentedHz=29.400000 finalMarkerShown=1 stale=0 conserved=1,logs/firmware/f3_queue.log,metrics/firmware/cases.csv
F3-RATE-75HZ-LOOP5MS,fw-frame-queue,75Hz/10s,PASS,seed=0x000000000000f34b; metrics=offered=746 okReplies=746 presented=285 dropped=461 queuedCtr=745 dequeuedCtr=284 maxPending=1 minGapMs=35 maxLatencyMs=15 presentedHz=28.500000 finalMarkerShown=1 stale=0 conserved=1,logs/firmware/f3_queue.log,metrics/firmware/cases.csv
F3-RATE-100HZ-LOOP2MS,fw-frame-queue,100Hz/10s,PASS,seed=0x000000000000f364; metrics=offered=995 okReplies=995 presented=294 dropped=701 queuedCtr=994 dequeuedCtr=293 maxPending=1 minGapMs=34 maxLatencyMs=22 presentedHz=29.400000 finalMarkerShown=1 stale=0 conserved=1,logs/firmware/f3_queue.log,metrics/firmware/cases.csv
F3-RATE-100HZ-LOOP5MS,fw-frame-queue,100Hz/10s,PASS,seed=0x000000000000f364; metrics=offered=995 okReplies=995 presented=286 dropped=709 queuedCtr=994 dequeuedCtr=285 maxPending=1 minGapMs=35 maxLatencyMs=35 presentedHz=28.600000 finalMarkerShown=1 stale=0 conserved=1,logs/firmware/f3_queue.log,metrics/firmware/cases.csv
F3-BURST-8-PER-PASS,fw-frame-queue,8 frames/pass x10Hz,PASS,seed=0xf3b; metrics=offered=80 presented=20 dropped=60 finalShown=1 maxPending=1 order=0 minGapMs=34,logs/firmware/f3_queue.log,metrics/firmware/cases.csv
F3-STATUS-QUEUEDEPTH-SEMANTICS,fw-frame-queue,1,PASS,seed=-; metrics=SET_FRAME reply queueDepth=3 queueCount=1 (advertised depth 3; effective pending depth 1 latest-only),logs/firmware/f3_queue.log,metrics/firmware/cases.csv
F4-BASELINE-CONVERGE,fw-events,1,PASS,seed=-; metrics=statusV=1 boardV=1,logs/firmware/f4_events.log,metrics/firmware/cases.csv
F4-STATUS-SINGLE-DROP-CONVERGE,fw-events,1,FAIL,seed=-; metrics=clientLastV=1 boardV=2 waitedMs=5000 dropped=1 lastStatusVersion advanced on failed send,logs/firmware/f4_events.log,metrics/firmware/cases.csv
F4-STATUS-QUERY-RECOVERS,fw-events,1,PASS,seed=-; metrics=GET_STATUS v=2,logs/firmware/f4_events.log,metrics/firmware/cases.csv
F4-STATUS-INTERMEDIATE-DROP-ALLOWED,fw-events,1,PASS,seed=-; metrics=clientLastV=4 boardV=4,logs/firmware/f4_events.log,metrics/firmware/cases.csv
F4-PREVIEW-SINGLE-DROP-CONVERGE,fw-events,1,FAIL,seed=-; metrics=clientLastPresentedSeq=0 boardPresentedSeq=1 waitedMs=5000,logs/firmware/f4_events.log,metrics/firmware/cases.csv
F4-PREVIEW-QUERY-RECOVERS,fw-events,1,PASS,seed=-; metrics=GET_PREVIEW_SYNC presentedSeq=1,logs/firmware/f4_events.log,metrics/firmware/cases.csv
F4-BLE-CCCD-LATE-STATUS,fw-events,1,FAIL,seed=-; metrics=EV_STATUS received=0 EV_PREVIEW_SYNC received=0 EV_POWER received=4 over 5000 ms idle,logs/firmware/f4_events.log,metrics/firmware/cases.csv
F4-BLE-CCCD-LATE-PREVIEW,fw-events,1,FAIL,seed=-; metrics=EV_PREVIEW_SYNC received=0,logs/firmware/f4_events.log,metrics/firmware/cases.csv
F4-WIFI-EVENT-SINGLE-DROP,fw-events,1,FAIL,seed=-; metrics=EV_WIFI received=0 (one-shot; not retried),logs/firmware/f4_events.log,metrics/firmware/cases.csv
F4-WIFI-STATUS-QUERY-RECOVERS,fw-events,1,PASS,seed=-; metrics=replyType=129,logs/firmware/f4_events.log,metrics/firmware/cases.csv
F4-WIFI-SCAN-EVENT-SINGLE-DROP,fw-events,1,FAIL,seed=-; metrics=EV_WIFI_SCAN received=0 requester cleared,logs/firmware/f4_events.log,metrics/firmware/cases.csv
F4-WIFI-SCAN-RESULT-QUERY-RECOVERS,fw-events,1,PASS,seed=-; metrics=replyType=129,logs/firmware/f4_events.log,metrics/firmware/cases.csv
F4-POWER-FLIP-DROP-CONVERGE,fw-events,1,PASS,seed=-; metrics=convergedAfterMs=1000,logs/firmware/f4_events.log,metrics/firmware/cases.csv
F4-DROP-STORM-NONCONVERGENCE,fw-events,200 trials,FAIL,seed=0xf4f4; metrics=trials=200 stuckStatus=65 stuckPreview=92 dropP=0.5 per burst change,logs/firmware/f4_events.log,metrics/firmware/cases.csv
F5-CONST,fw-blob,1,PASS,seed=-; metrics=MAX_FACES_BLOB_BYTES=262144 MAX_AUTO_FACES=128 MAX_SCROLL_FRAMES=3072 MAX_SCROLL_TEXT_BYTES=4096 reclaim=30000ms,logs/firmware/f5_f7_blob.log,metrics/firmware/cases.csv
F5-RAW-HAPPY-HASH,fw-blob,1,PASS,seed=-; metrics=type=162 frames=300 liveHash=18638edc68d7ea5d sentHash=18638edc68d7ea5d,logs/firmware/f5_f7_blob.log,metrics/firmware/cases.csv
F5-DUP-CHUNK,fw-blob,1,PASS,seed=-; metrics=dup=type=255 code=400 err=unexpected chunk offset expectedOffset=3995,logs/firmware/f5_f7_blob.log,metrics/firmware/cases.csv
F5-OUT-OF-ORDER-CHUNK,fw-blob,1,PASS,seed=-; metrics=early=type=255 code=400 err=unexpected chunk offset end=type=162 hashMatch=1,logs/firmware/f5_f7_blob.log,metrics/firmware/cases.csv
F5-LEN-MISMATCH,fw-blob,1,PASS,seed=-; metrics=bad=type=255 code=400 err=scroll chunk must be a multiple of 47 bytes endShort=type=255 code=400 err=incomplete blob upload chunkAfterEnd=type=255 code=400 err=no active blob session,logs/firmware/f5_f7_blob.log,metrics/firmware/cases.csv
F5-OVER-LIMIT,fw-blob,1,PASS,seed=-; metrics=frames3073=type=255 code=413 err=too many scroll frames implied3073=type=255 code=413 err=too many scroll frames chunkPastTotal=type=255 code=413 err=chunk exceeds declared blob size faces262145=type=255 code=413 err=faces document too large faces262144=type=160,logs/firmware/f5_f7_blob.log,metrics/firmware/cases.csv
F5-RAW-ABORT-ATOMICITY,fw-blob,1,FAIL,seed=-; metrics=before: frames=100 active=1 afterBEGIN frames=0 afterABORT frames=0 status.firmwareScrollActive=1 status.scrollFrameCount=0 timelineId='',logs/firmware/f5_f7_blob.log,metrics/firmware/cases.csv
F5-RAW-MISSING-CHUNK-ATOMICITY,fw-blob,1,FAIL,seed=-; metrics=end=type=255 code=400 err=incomplete blob upload framesAfter=0,logs/firmware/f5_f7_blob.log,metrics/firmware/cases.csv
F5-RAW-DISCONNECT-RELEASES-SLOT,fw-blob,1,PASS,seed=-; metrics=otherClientBegin=type=160,logs/firmware/f5_f7_blob.log,metrics/firmware/cases.csv
F5-RAW-DISCONNECT-ATOMICITY,fw-blob,1,FAIL,seed=-; metrics=framesAfterDisconnect=0,logs/firmware/f5_f7_blob.log,metrics/firmware/cases.csv
F5-BITMAP-ABORT-ATOMICITY,fw-blob,1,PASS,seed=-; metrics=framesAfter=100,logs/firmware/f5_f7_blob.log,metrics/firmware/cases.csv
F5-BITMAP-HAPPY-REFERENCE-HASH,fw-blob,1,PASS,seed=-; metrics=type=162 frames=379 rotation=9 refRotation=9 liveHash=1fb526f8f1d656cf refHash=1fb526f8f1d656cf,logs/firmware/f5_f7_blob.log,metrics/firmware/cases.csv
F5-APPEND-HASH,fw-blob,1,PASS,seed=-; metrics=type=162,logs/firmware/f5_f7_blob.log,metrics/firmware/cases.csv
F5-INACTIVITY-faces,fw-blob,1,PASS,seed=-; metrics=at29999=type=161 refreshedAt29999=type=161 at30000=type=255 code=400 err=no active blob session (>= 30000 ms reclaims),logs/firmware/f5_f7_blob.log,metrics/firmware/cases.csv
F5-INACTIVITY-scroll_bitmap,fw-blob,1,PASS,seed=-; metrics=at29999=type=161 refreshedAt29999=type=161 at30000=type=255 code=400 err=no active blob session (>= 30000 ms reclaims),logs/firmware/f5_f7_blob.log,metrics/firmware/cases.csv
F5-INACTIVITY-scroll,fw-blob,1,PASS,seed=-; metrics=at29999=type=161 refreshedAt29999=type=161 at30000=type=255 code=400 err=no active blob session (>= 30000 ms reclaims),logs/firmware/f5_f7_blob.log,metrics/firmware/cases.csv
F5-GENERATION-SETFRAME-INVALIDATES,fw-blob,1,PASS,seed=-; metrics=chunkAfterOtherSetFrame=type=255 code=400 err=no active blob session end=type=255 code=400 err=no active blob session,logs/firmware/f5_f7_blob.log,metrics/firmware/cases.csv
F5-GENERATION-START-VS-STOP,fw-blob,1,PASS,seed=-; metrics=chunkAfterStartScroll=type=161 chunkAfterStopScroll=type=255 code=400 err=no active blob session startReply=129 stopReply=129,logs/firmware/f5_f7_blob.log,metrics/firmware/cases.csv
F5-TWO-CLIENTS-EXCLUSIVE,fw-blob,1,PASS,seed=-; metrics=B.beginScroll=type=255 code=409 err=scroll upload already in progress B.beginBitmap=type=255 code=409 err=scroll upload already in progress B.abort=type=163 B.end=type=255 code=400 err=no active blob session B.beginFaces=type=160 A.end=type=162,logs/firmware/f5_f7_blob.log,metrics/firmware/cases.csv
F5-FACES-HAPPY,fw-blob,1,PASS,seed=-; metrics=type=162 diskCanonicalEq=1 loaded=10,logs/firmware/f5_f7_blob.log,metrics/firmware/cases.csv
F5-GET-FACES-DOWNLOAD-HASH,fw-blob,1,PASS,seed=-; metrics=parts=5 bytes=2239 fileBytes=2239 firstDiff=2239 more=0 hashEq=1,logs/firmware/f5_f7_blob.log,metrics/firmware/cases.csv
F5-GET-FACES-GEN-MISMATCH-409,fw-blob,1,PASS,seed=-; metrics=type=255 code=409 err=saved_faces.json changed mid-transfer,logs/firmware/f5_f7_blob.log,metrics/firmware/cases.csv
F7-FACES-INVALID-TRUNCATED-JSON-KEEPS-PREVIOUS,fw-blob,1,PASS,seed=-; metrics=type=255 code=400 err=invalid JSON: IncompleteInput fileUnchanged=1,logs/firmware/f5_f7_blob.log,metrics/firmware/cases.csv
F7-FACES-INVALID-BAD-CATEGORY-KEEPS-PREVIOUS,fw-blob,1,PASS,seed=-; metrics=type=255 code=400 err=document.category must be unified_saved_faces fileUnchanged=1,logs/firmware/f5_f7_blob.log,metrics/firmware/cases.csv
F7-FACES-INVALID-NO-DEFAULT-KEEPS-PREVIOUS,fw-blob,1,PASS,"seed=-; metrics=type=255 code=400 err=saved_faces.json must keep at least one type:""default"" face fileUnchanged=1",logs/firmware/f5_f7_blob.log,metrics/firmware/cases.csv
F7-FACES-INVALID-ORDER-0-KEEPS-PREVIOUS,fw-blob,1,PASS,seed=-; metrics=type=255 code=400 err=face order must be 1-based and >= 1 fileUnchanged=1,logs/firmware/f5_f7_blob.log,metrics/firmware/cases.csv
F7-FACES-INVALID-FRAME-46-KEEPS-PREVIOUS,fw-blob,1,PASS,seed=-; metrics=type=255 code=400 err=invalid face packed frame: face.frameBytes must contain 47 bytes fileUnchanged=1,logs/firmware/f5_f7_blob.log,metrics/firmware/cases.csv
F7-FACES-INVALID-TAIL-BITS-KEEPS-PREVIOUS,fw-blob,1,PASS,seed=-; metrics=type=255 code=400 err=invalid face packed frame: packed frame has non-zero unused bits fileUnchanged=1,logs/firmware/f5_f7_blob.log,metrics/firmware/cases.csv
F7-FACES-INVALID-FACES-129-KEEPS-PREVIOUS,fw-blob,1,PASS,seed=-; metrics=type=255 code=400 err=invalid JSON: NoMemory fileUnchanged=1,logs/firmware/f5_f7_blob.log,metrics/firmware/cases.csv
F7-SCROLL-FRAMES-0,fw-blob,1,PASS,seed=-; metrics=type=162 frames=0,logs/firmware/f5_f7_blob.log,metrics/firmware/cases.csv
F7-SCROLL-FRAMES-1,fw-blob,1,PASS,seed=-; metrics=type=162 frames=1,logs/firmware/f5_f7_blob.log,metrics/firmware/cases.csv
F7-SCROLL-FRAMES-3071,fw-blob,1,PASS,seed=-; metrics=type=162 frames=3071,logs/firmware/f5_f7_blob.log,metrics/firmware/cases.csv
F7-SCROLL-FRAMES-3072,fw-blob,1,PASS,seed=-; metrics=type=162 frames=3072,logs/firmware/f5_f7_blob.log,metrics/firmware/cases.csv
F7-SCROLL-FRAMES-3073,fw-blob,1,PASS,seed=-; metrics=type=255 code=413 err=too many scroll frames,logs/firmware/f5_f7_blob.log,metrics/firmware/cases.csv
F7-SCROLL-0-FRAMES-START-REPLY,fw-blob,1,FAIL,seed=-; metrics=type=162 reply.started=1 actualActive=0,logs/firmware/f5_f7_blob.log,metrics/firmware/cases.csv
F7-BITMAP-WIDTH-22,fw-blob,1,PASS,seed=-; metrics=type=162 frames=2,logs/firmware/f5_f7_blob.log,metrics/firmware/cases.csv
F7-BITMAP-WIDTH-23,fw-blob,1,PASS,seed=-; metrics=type=162 frames=2,logs/firmware/f5_f7_blob.log,metrics/firmware/cases.csv
F7-BITMAP-WIDTH-3093,fw-blob,1,PASS,seed=-; metrics=type=162 frames=3072,logs/firmware/f5_f7_blob.log,metrics/firmware/cases.csv
F7-BITMAP-WIDTH-3094,fw-blob,1,PASS,seed=-; metrics=type=255 code=400 err=scroll_bitmap width out of range (doc §7.1: width range 22..3093; >3072 frames -> 413),logs/firmware/f5_f7_blob.log,metrics/firmware/cases.csv
F7-TEXT-CODELIMIT-ASCII-4095,fw-blob,1,PASS,seed=-; metrics=replyType=129 metaBytes=4095 roundTripEq=1,logs/firmware/f5_f7_blob.log,metrics/firmware/cases.csv
F7-TEXT-CODELIMIT-ASCII-4096,fw-blob,1,PASS,seed=-; metrics=replyType=129 metaBytes=4096 roundTripEq=1,logs/firmware/f5_f7_blob.log,metrics/firmware/cases.csv
F7-TEXT-CODELIMIT-ASCII-4097,fw-blob,1,PASS,seed=-; metrics=replyType=255 metaBytes=0 roundTripEq=0,logs/firmware/f5_f7_blob.log,metrics/firmware/cases.csv
F7-TEXT-WIRE-4096-ASCII,fw-blob,1,FAIL,seed=-; metrics=framePayload=4146 replyType=0 (0=no reply; oversize frame silently skipped) maxTextBytesThatFit=4046,logs/firmware/f5_f7_blob.log,metrics/firmware/cases.csv
F7-TEXT-CODELIMIT-CJK-4095,fw-blob,1,PASS,seed=-; metrics=replyType=129 metaBytes=4095 roundTripEq=1,logs/firmware/f5_f7_blob.log,metrics/firmware/cases.csv
F7-TEXT-CODELIMIT-CJK-4096,fw-blob,1,PASS,seed=-; metrics=replyType=129 metaBytes=4096 roundTripEq=1,logs/firmware/f5_f7_blob.log,metrics/firmware/cases.csv
F7-TEXT-CODELIMIT-CJK-4097,fw-blob,1,PASS,seed=-; metrics=replyType=255 metaBytes=0 roundTripEq=0,logs/firmware/f5_f7_blob.log,metrics/firmware/cases.csv
F7-TEXT-WIRE-4096-CJK,fw-blob,1,FAIL,seed=-; metrics=framePayload=4146 replyType=0 (0=no reply; oversize frame silently skipped) maxTextBytesThatFit=4046,logs/firmware/f5_f7_blob.log,metrics/firmware/cases.csv
F7-TEXT-CODELIMIT-EMOJI-4095,fw-blob,1,PASS,seed=-; metrics=replyType=129 metaBytes=4095 roundTripEq=1,logs/firmware/f5_f7_blob.log,metrics/firmware/cases.csv
F7-TEXT-CODELIMIT-EMOJI-4096,fw-blob,1,PASS,seed=-; metrics=replyType=129 metaBytes=4096 roundTripEq=1,logs/firmware/f5_f7_blob.log,metrics/firmware/cases.csv
F7-TEXT-CODELIMIT-EMOJI-4097,fw-blob,1,PASS,seed=-; metrics=replyType=255 metaBytes=0 roundTripEq=0,logs/firmware/f5_f7_blob.log,metrics/firmware/cases.csv
F7-TEXT-WIRE-4096-EMOJI,fw-blob,1,FAIL,seed=-; metrics=framePayload=4146 replyType=0 (0=no reply; oversize frame silently skipped) maxTextBytesThatFit=4046,logs/firmware/f5_f7_blob.log,metrics/firmware/cases.csv
F7-TEXT-CODELIMIT-COMBINING-4095,fw-blob,1,PASS,seed=-; metrics=replyType=129 metaBytes=4095 roundTripEq=1,logs/firmware/f5_f7_blob.log,metrics/firmware/cases.csv
F7-TEXT-CODELIMIT-COMBINING-4096,fw-blob,1,PASS,seed=-; metrics=replyType=129 metaBytes=4096 roundTripEq=1,logs/firmware/f5_f7_blob.log,metrics/firmware/cases.csv
F7-TEXT-CODELIMIT-COMBINING-4097,fw-blob,1,PASS,seed=-; metrics=replyType=255 metaBytes=0 roundTripEq=0,logs/firmware/f5_f7_blob.log,metrics/firmware/cases.csv
F7-TEXT-WIRE-4096-COMBINING,fw-blob,1,FAIL,seed=-; metrics=framePayload=4146 replyType=0 (0=no reply; oversize frame silently skipped) maxTextBytesThatFit=4046,logs/firmware/f5_f7_blob.log,metrics/firmware/cases.csv
F7-FACES-BLOB-127,fw-blob,1,FAIL,seed=-; metrics=type=255 code=400 err=invalid JSON: NoMemory loaded=3,logs/firmware/f5_f7_blob.log,metrics/firmware/cases.csv
F7-FACES-BLOB-128,fw-blob,1,FAIL,seed=-; metrics=type=255 code=400 err=invalid JSON: NoMemory loaded=3,logs/firmware/f5_f7_blob.log,metrics/firmware/cases.csv
F7-FACES-BLOB-129,fw-blob,1,PASS,seed=-; metrics=type=255 code=400 err=invalid JSON: NoMemory loaded=3,logs/firmware/f5_f7_blob.log,metrics/firmware/cases.csv
F7-FACE-UPSERT-127-128-129,fw-blob,1,FAIL,seed=-; metrics=at127=type=255 code=500 err=face_upsert: saved_faces.json parse failed: NoMemory count=0 at128=type=255 code=500 err=face_upsert: saved_faces.json parse failed: NoMemory fileUnchanged=1,logs/firmware/f5_f7_blob.log,metrics/firmware/cases.csv
F7-CMD-BAD-FIELDS-KEEP-FILE,fw-blob,1,PASS,seed=-; metrics=frameHex93=type=255 code=400 err=face.frameHex must be 94 hex chars truncatedJson=type=255 code=400 err=invalid JSON: IncompleteInput,logs/firmware/f5_f7_blob.log,metrics/firmware/cases.csv
F7-FACES-BLOB-262144-BYTES,fw-blob,1,PASS,seed=-; metrics=docBytes=262144 type=162,logs/firmware/f5_f7_blob.log,metrics/firmware/cases.csv
F7-FACES-BLOB-262145-BYTES,fw-blob,1,PASS,seed=-; metrics=type=255 code=413 err=faces document too large,logs/firmware/f5_f7_blob.log,metrics/firmware/cases.csv
F7-UPSERT-GROWTH-VS-BLOB-LIMIT,fw-blob,1,FAIL,seed=-; metrics=faces=128 fileBytes=291489 reuploadBegin=type=255 code=413 err=faces document too large (face_upsert has no name limit; face_rename caps 64),logs/firmware/f5_f7_blob.log,metrics/firmware/cases.csv
F7-FS-PARTIAL-WRITE-FACES-BLOB,fw-blob,1,FAIL,seed=-; metrics=reply=type=162 replyBytes=1778 fileBytesOnDisk=200 fileParses=0 previousPreserved=0 facesLoadedAfter=0 partialWrites=1,logs/firmware/f5_f7_blob.log,metrics/firmware/cases.csv
F7-FS-PARTIAL-WRITE-FACE-RENAME,fw-blob,1,FAIL,seed=-; metrics=reply=type=129 fileBytesOnDisk=150 previousPreserved=0 facesLoadedAfter=0,logs/firmware/f5_f7_blob.log,metrics/firmware/cases.csv
F7-FS-RENAME-OR-OPEN-FAIL-KEEPS-FILE,fw-blob,1,PASS,seed=-; metrics=rename=type=255 code=500 err=failed to write/commit file: /resources/saved_faces.json open=type=255 code=500 err=failed to write/commit file: /resources/saved_faces.json,logs/firmware/f5_f7_blob.log,metrics/firmware/cases.csv
F5-LOCK-DISCIPLINE,fw-blob,1,PASS,seed=-; metrics=recursion=0 orderViolations=0,logs/firmware/f5_f7_blob.log,metrics/firmware/cases.csv
F6-CONST,fw-scroll-timing,-,PASS,seed=-; metrics=MIN_SCROLL_INTERVAL_MS=17 SCROLL_DRIFT_RESET_INTERVALS=4,logs/firmware/f6_scroll_timing.log,metrics/firmware/cases.csv
F6-STEADY-17MS-RENDER11MS,fw-scroll-timing,10s,PASS,seed=-; metrics=advances=588 speedRatio=0.999 lostFrames=1 maxBurstPerInterval=2,logs/firmware/f6_scroll_timing.log,metrics/firmware/cases.csv
F6-STEADY-17MS-RENDER16MS,fw-scroll-timing,10s,FAIL,seed=-; metrics=advances=531 speedRatio=0.903 lostFrames=57 maxBurstPerInterval=1,logs/firmware/f6_scroll_timing.log,metrics/firmware/cases.csv
F6-STEADY-17MS-RENDER20MS,fw-scroll-timing,10s,FAIL,seed=-; metrics=advances=438 speedRatio=0.744 lostFrames=151 maxBurstPerInterval=1,logs/firmware/f6_scroll_timing.log,metrics/firmware/cases.csv
F6-STALL-0MS-INTERVAL17,fw-scroll-timing,0ms@17,PASS,seed=-; metrics=advances=294 speedRatio=0.998 timelineOffsetFrames=1 (17 ms) maxBurstPerInterval=2 postStallSpeed=0.000 driftThresholdMs=68,logs/firmware/f6_scroll_timing.log,metrics/firmware/cases.csv
F6-STALL-50MS-INTERVAL17,fw-scroll-timing,50ms@17,PASS,seed=-; metrics=advances=294 speedRatio=0.997 timelineOffsetFrames=1 (17 ms) maxBurstPerInterval=2 postStallSpeed=1.003 driftThresholdMs=68,logs/firmware/f6_scroll_timing.log,metrics/firmware/cases.csv
F6-STALL-100MS-INTERVAL17,fw-scroll-timing,100ms@17,PASS,seed=-; metrics=advances=288 speedRatio=0.978 timelineOffsetFrames=6 (102 ms) maxBurstPerInterval=2 postStallSpeed=1.003 driftThresholdMs=68,logs/firmware/f6_scroll_timing.log,metrics/firmware/cases.csv
F6-STALL-500MS-INTERVAL17,fw-scroll-timing,500ms@17,PASS,seed=-; metrics=advances=264 speedRatio=0.898 timelineOffsetFrames=30 (510 ms) maxBurstPerInterval=2 postStallSpeed=1.003 driftThresholdMs=68,logs/firmware/f6_scroll_timing.log,metrics/firmware/cases.csv
F6-STALL-0MS-INTERVAL100,fw-scroll-timing,0ms@100,PASS,seed=-; metrics=advances=49 speedRatio=0.980 timelineOffsetFrames=1 (100 ms) maxBurstPerInterval=2 postStallSpeed=0.000 driftThresholdMs=400,logs/firmware/f6_scroll_timing.log,metrics/firmware/cases.csv
F6-STALL-50MS-INTERVAL100,fw-scroll-timing,50ms@100,PASS,seed=-; metrics=advances=49 speedRatio=0.980 timelineOffsetFrames=1 (100 ms) maxBurstPerInterval=2 postStallSpeed=1.000 driftThresholdMs=400,logs/firmware/f6_scroll_timing.log,metrics/firmware/cases.csv
F6-STALL-100MS-INTERVAL100,fw-scroll-timing,100ms@100,PASS,seed=-; metrics=advances=49 speedRatio=0.980 timelineOffsetFrames=1 (100 ms) maxBurstPerInterval=3 postStallSpeed=1.000 driftThresholdMs=400,logs/firmware/f6_scroll_timing.log,metrics/firmware/cases.csv
F6-STALL-500MS-INTERVAL100,fw-scroll-timing,500ms@100,PASS,seed=-; metrics=advances=44 speedRatio=0.880 timelineOffsetFrames=6 (600 ms) maxBurstPerInterval=2 postStallSpeed=1.000 driftThresholdMs=400,logs/firmware/f6_scroll_timing.log,metrics/firmware/cases.csv
F6-REPEATED-50MS-EVERY-250MS-INTERVAL17,fw-scroll-timing,36 stalls,FAIL,seed=-; metrics=advances=550 speedRatio=0.935 lostFrames=38 maxBurstPerInterval=2,logs/firmware/f6_scroll_timing.log,metrics/firmware/cases.csv
F6-REPEATED-80MS-EVERY-250MS-INTERVAL17,fw-scroll-timing,36 stalls,FAIL,seed=-; metrics=advances=419 speedRatio=0.712 lostFrames=170 maxBurstPerInterval=2,logs/firmware/f6_scroll_timing.log,metrics/firmware/cases.csv
F7-CAPACITY-SHIPPED-SAVED-FACES,fw-json-capacity-model,1,PASS,seed=-; metrics=faces=11 fileBytes=4652 slots=681 deviceNeed=11794 jsonCapacityFor=32768 hostNeed=22690,logs/firmware/json_capacity.log,metrics/firmware/cases.csv
F7-CAPACITY-128-FACES-DEVICE,fw-json-capacity-model,1,FAIL,seed=-; metrics=firstFaceCountExceedingLoad/BLOB=32 firstExceedingMutate=59 at128: fileBytes=51750 deviceNeed=129892 capacity=107596,logs/firmware/json_capacity.log,metrics/firmware/cases.csv
OBS-b-lite-status-drops-device,BoardConnection.applyStatus,full GET_STATUS then 1 lite EV_STATUS,FAIL,seed=-; key_metrics=connection_wifi_after=192.168.1.20;device_after=nil;device_before=RinaChanBoard;lite_applied=True;status_wifi_after=nil;uptime_after=-1;uptime_before=1234,StressDeviceObservationTests/testObsB_LiteStatusPushKeepsDeviceIdentity | logs/ios/02_p0.log,metrics/ios/cases.csv
P0-3-more-aggregation-1MiB,BoardConnection.route MORE,"256 x 4096B MORE fragments, no terminal, timeout 8s",PASS,seed=-; key_metrics=accumulated_bytes_peak=1048576;footprint_after_mib=114.159;footprint_base_mib=113.627;footprint_peak_mib=114.94;fragments_fed=256;ingest_complete_before_timeout=True;ingest_ms=43.774;ingest_ms_per_mib_series=44;outcome=timeout;pending_after=0;released=True;resolved_after_s=8.005;rss_after_mib=386;rss_base_mib=377;rss_peak_mib=384.297,StressMemoryEventTests/testP0_3_MoreAggregationWithoutTerminalFrame | logs/ios/02_p0.log,metrics/ios/cases.csv
P0-3-more-aggregation-4MiB,BoardConnection.route MORE,"1024 x 4096B MORE fragments, no terminal, timeout 8s",PASS,seed=-; key_metrics=accumulated_bytes_peak=4194304;footprint_after_mib=110.83;footprint_base_mib=114.174;footprint_peak_mib=116.174;fragments_fed=1024;ingest_complete_before_timeout=True;ingest_ms=185.271;ingest_ms_per_mib_series=42|110|11|22;outcome=timeout;pending_after=0;released=True;resolved_after_s=8.003;rss_after_mib=384.547;rss_base_mib=386.031;rss_peak_mib=390.016,StressMemoryEventTests/testP0_3_MoreAggregationWithoutTerminalFrame | logs/ios/02_p0.log,metrics/ios/cases.csv
P0-3-more-aggregation-16MiB,BoardConnection.route MORE,"4096 x 4096B MORE fragments, no terminal, timeout 8s",PASS,seed=-; key_metrics=accumulated_bytes_peak=16777216;footprint_after_mib=110.799;footprint_base_mib=110.83;footprint_peak_mib=112.83;fragments_fed=4096;ingest_complete_before_timeout=True;ingest_ms=873.473;ingest_ms_per_mib_series=53|104|8|14|21|26|34|41|50|53|59|70|73|81|88|97;outcome=timeout;pending_after=0;released=True;resolved_after_s=8.004;rss_after_mib=384.547;rss_base_mib=384.547;rss_peak_mib=386.547,StressMemoryEventTests/testP0_3_MoreAggregationWithoutTerminalFrame | logs/ios/02_p0.log,metrics/ios/cases.csv
P0-3b-getfaces-paging-advancing,BoardConnection.getFaces,board sets MORE on every page (4092B/page),FAIL,seed=-; key_metrics=final=cancelled;footprint_delta_mib=17.875;last_offsets=20803728|20807820|20811912;round_trips=5087;seconds=0.254;still_looping_at_watchdog=True;stopped_by_cancel=True,StressMemoryEventTests/testP0_3b_GetFacesPagingWithoutEnd | logs/ios/02_p0.log,metrics/ios/cases.csv
P0-3b-getfaces-paging-stalled,BoardConnection.getFaces,"board sets MORE on every page (0B/page, offset never advances)",FAIL,seed=-; key_metrics=final=cancelled;footprint_delta_mib=3.188;last_offsets=0|0|0;round_trips=5092;seconds=0.222;still_looping_at_watchdog=True;stopped_by_cancel=True,StressMemoryEventTests/testP0_3b_GetFacesPagingWithoutEnd | logs/ios/02_p0.log,metrics/ios/cases.csv
P0-4-slow-event-subscriber,BoardConnection.events AsyncStream,"50000 EV_LOG (~200B) per phase, subscriber paused then resumed; unsubscribe while buffered",FAIL,seed=-; key_metrics=approx_bytes_per_buffered_event=1208.812;control_footprint_delta_mib=0;drained_after_resume=50000;dropped=0;elements_drained_after_unsubscribe=50000;footprint_after_drain_delta_mib=47;footprint_after_release_delta_mib=-52.594;footprint_buffered_before_unsubscribe_delta_mib=-0.016;iteration_terminated_after_unsubscribe=False;paused_footprint_delta_mib=57.641;paused_rss_mib=450.141;pump_ms=220.973;subscribers_after_break=1;subscribers_after_unsubscribe=0,StressMemoryEventTests/testP0_4_SlowEventSubscriber | logs/ios/02_p0.log,metrics/ios/cases.csv
P0-0-constants,BoardConnection,static,PASS,seed=-; key_metrics=blob_depth=4;blob_ms=0;command_depth=4;command_ms=120;frame_depth=6;frame_ms=20;handshake_timeout_s=5;max_reconnect_attempts=5;more_cap_properties=none;output_depth=64;output_ms=0,StressSequenceTests/testP0_0_ConstantsMatchBrief | logs/ios/02_p0.log,metrics/ios/cases.csv
P0-1-seq-exhaustion-254,BoardConnection.nextSequenceNumber,"254 concurrent PING, replies withheld",PASS,seed=-; key_metrics=completed=254;distinct_seqs=254;double_resumes=0;duplicate_seq_writes=0;hung=0;hung_after_disconnect=0;hung_after_task_cancel=0;matched=254;mismatched_payload=0;outstanding=254;pending_after_issue=254;start_seq=7;timeouts=0;written=254,StressSequenceTests/testP0_1_SequenceExhaustion | logs/ios/02_p0.log,metrics/ios/cases.csv
P0-1-seq-exhaustion-255,BoardConnection.nextSequenceNumber,"255 concurrent PING, replies withheld",PASS,seed=-; key_metrics=completed=255;distinct_seqs=255;double_resumes=0;duplicate_seq_writes=0;hung=0;hung_after_disconnect=0;hung_after_task_cancel=0;matched=255;mismatched_payload=0;outstanding=255;pending_after_issue=255;start_seq=7;timeouts=0;written=255,StressSequenceTests/testP0_1_SequenceExhaustion | logs/ios/02_p0.log,metrics/ios/cases.csv
P0-1-seq-exhaustion-256,BoardConnection.nextSequenceNumber,"256 concurrent PING, replies withheld",FAIL,seed=-; key_metrics=completed=255;distinct_seqs=255;double_resumes=0;duplicate_seq_writes=1;hung=1;hung_after_disconnect=1;hung_after_task_cancel=1;matched=254;mismatched_payload=1;outstanding=256;pending_after_issue=255;start_seq=7;timeouts=0;written=256,StressSequenceTests/testP0_1_SequenceExhaustion | logs/ios/02_p0.log,metrics/ios/cases.csv
P0-1-seq-exhaustion-512,BoardConnection.nextSequenceNumber,"512 concurrent PING, replies withheld",FAIL,seed=-; key_metrics=completed=255;distinct_seqs=255;double_resumes=0;duplicate_seq_writes=257;hung=257;hung_after_disconnect=257;hung_after_task_cancel=257;matched=0;mismatched_payload=255;outstanding=512;pending_after_issue=255;start_seq=7;timeouts=0;written=512,StressSequenceTests/testP0_1_SequenceExhaustion | logs/ios/02_p0.log,metrics/ios/cases.csv
P0-2-late-reply-quarantine,BoardConnection.route/quarantine,"2 modes x 8 delays, seq forced to wrap onto stale seq",FAIL,"seed=-; key_metrics=cycles_with_wrap=16;rows=timeout@0.11s:sameSeq=false,q=true,stale=false timeout@0.53s:sameSeq=false,q=true,stale=false timeout@1.03s:sameSeq=false,q=true,stale=false timeout@1.52s:sameSeq=false,q=true,stale=false timeout@1.84s:sameSeq=false,q=true,stale=false timeout@2.25s:sameSeq=true,q=false,stale=true timeout@2.65s:sameSeq=true,q=false,stale=true timeout@3.05s:sameSeq=true,q=false,stale=true cancel@0.11s:sameSeq=false,q=true,stale=false cancel@0.52s:sameSeq=false,q=true,stale=false cancel@1.03s:sameSeq=false,q=true,stale=false cancel@1.53s:sameSeq=false,q=true,stale=false cancel@1.84s:sameSeq=false,q=true,stale=false cancel@2.25s:sameSeq=true,q=false,stale=true cancel@2.64s:sameSeq=true,q=false,stale=true cancel@3.05s:sameSeq=true,q=false,stale=true;stale_delivered_after_2s=6;stale_delivered_inside_2s=0",StressSequenceTests/testP0_2_LateRepliesAcrossQuarantineAndWrap | logs/ios/02_p0.log,metrics/ios/cases.csv
P0-2b-late-reply-across-reconnect,BoardConnection.failAllPending/route,"1 in-flight PING, carrier drop, same transport reconnect, seq wrapped onto old seq",FAIL,seed=-; key_metrics=new_seq=7;old_result=notConnected;old_seq=7;old_seq_quarantined_after_reconnect=False;reconnected=True;seconds_since_disconnect=0.11;stale_on_new_link_delivered=True;stale_on_old_stream_delivered=False,StressSequenceTests/testP0_2b_LateReplyAcrossDisconnectReconnect | logs/ios/02_p0.log,metrics/ios/cases.csv
P0-2c-default-timeout,BoardConnection.send,1 PING withheld,PASS,seed=-; key_metrics=elapsed_s=5.044;error=timeout,StressSequenceTests/testP0_2c_DefaultRequestTimeoutIsFiveSeconds | logs/ios/02_p0.log,metrics/ios/cases.csv
IOS-DRAFT-ADOPT-1,ControlViewModel.adoptBoardFrameIfUntouched (ControlViewModel.swift:497-516),"33 toggles, send (synced), board shows 7-lit frame",FAIL,"seed=-; key_metrics=paths_destroying_drawing=2;rows=adoptBoardFrameIfUntouched:synced=true,lit=53,undoBefore=true,diskBefore=drawing,mem=board,disk=board,undoAfter=false,unsent=false ; refreshBoardDisplay(getFrame):synced=true,lit=53,undoBefore=true,diskBefore=drawing,mem=board,disk=board,undoAfter=false,unsent=false",StressDraftAdoptTests/testIOSDraftAdopt1_SyncedDrawingReplacedByBoardFrame | logs/ios/07_faults_boundary_adopt.log,metrics/ios/cases.csv
IOS-DRAFT-ADOPT-2,"ControlViewModel.init/restoreDraft/adopt (ControlViewModel.swift:95-122,167-183,497)",draft D on disk; adopt(B) 0/300 ms before restoreDraft,FAIL,"seed=-; key_metrics=restored_draft_marked_unsent=2;rows=delay0ms:unsentAtInit=false,diskBeforeRestore=drawing,mem=drawing,disk=drawing,unsentAfterRestore=true ; delay300ms:unsentAtInit=false,diskBeforeRestore=board,mem=board,disk=board,unsentAfterRestore=true;runs_losing_D=1",StressDraftAdoptTests/testIOSDraftAdopt2_AdoptionBeforeRestoreDraft | logs/ios/07_faults_boundary_adopt.log,metrics/ios/cases.csv
IOS-DRAFT-ADOPT-3,SwiftUI TabView .task(id:) as in ControlView.swift:70-77,"50 ms poll loop; tab A visible 1 s, hidden 3 s (steady-state window 2-3 s), visible 1 s",PASS,seed=-; key_metrics=control_view_task_id_has_tab_term=False;last_tick_ms_after_switch=667.132;started=True;task_cancellations_on_hide=1;ticks_hidden_steady_2_3s=0;ticks_in_first_2s_after_switch=13;ticks_revisible_1s=19;ticks_visible_1s=20,StressDraftAdoptTests/testIOSDraftAdopt3_HiddenTabPollingTask | logs/ios/07_faults_boundary_adopt.log,metrics/ios/cases.csv
P1-a-controlvm-10Hz,ControlViewModel.pushLiveIfNeeded -> BoardConnection.setFrame,"toggle(led:) at 10 Hz (cancel-previous producer), warmup 2s sample 5s, ACK 8 ms",PASS,seed=-; key_metrics=converged_last_wire_is_final_edit=True;error_message=nil;lat_max_ms=7.942;lat_p50_ms=0.667;lat_p95_ms=2.123;lat_p99_ms=7.942;max_pending=0;max_quarantined_seqs=0;not_sent_dropped_or_cancelled=0;offered=50;offered_hz=10;sent=50,StressOutputQueueTests/testP1_a2_ControlViewModelLiveEditCongestion | logs/ios/05_p1a.log,metrics/ios/cases.csv
P1-a-controlvm-25Hz,ControlViewModel.pushLiveIfNeeded -> BoardConnection.setFrame,"toggle(led:) at 25 Hz (cancel-previous producer), warmup 2s sample 5s, ACK 8 ms",PASS,seed=-; key_metrics=converged_last_wire_is_final_edit=True;error_message=nil;lat_max_ms=1.782;lat_p50_ms=0.538;lat_p95_ms=1.089;lat_p99_ms=1.362;max_pending=0;max_quarantined_seqs=0;not_sent_dropped_or_cancelled=0;offered=125;offered_hz=25;sent=125,StressOutputQueueTests/testP1_a2_ControlViewModelLiveEditCongestion | logs/ios/05_p1a.log,metrics/ios/cases.csv
P1-a-controlvm-50Hz,ControlViewModel.pushLiveIfNeeded -> BoardConnection.setFrame,"toggle(led:) at 50 Hz (cancel-previous producer), warmup 2s sample 5s, ACK 8 ms",PASS,seed=-; key_metrics=converged_last_wire_is_final_edit=True;error_message=nil;lat_max_ms=19.407;lat_p50_ms=10.072;lat_p95_ms=18.172;lat_p99_ms=19.183;max_pending=1;max_quarantined_seqs=46;not_sent_dropped_or_cancelled=32;offered=250;offered_hz=50;sent=218,StressOutputQueueTests/testP1_a2_ControlViewModelLiveEditCongestion | logs/ios/05_p1a.log,metrics/ios/cases.csv
P1-a-controlvm-75Hz,ControlViewModel.pushLiveIfNeeded -> BoardConnection.setFrame,"toggle(led:) at 75 Hz (cancel-previous producer), warmup 2s sample 5s, ACK 8 ms",PASS,seed=-; key_metrics=converged_last_wire_is_final_edit=True;error_message=nil;lat_max_ms=13.134;lat_p50_ms=6.81;lat_p95_ms=12.019;lat_p99_ms=12.702;max_pending=1;max_quarantined_seqs=62;not_sent_dropped_or_cancelled=169;offered=375;offered_hz=75;sent=206,StressOutputQueueTests/testP1_a2_ControlViewModelLiveEditCongestion | logs/ios/05_p1a.log,metrics/ios/cases.csv
P1-a-controlvm-100Hz,ControlViewModel.pushLiveIfNeeded -> BoardConnection.setFrame,"toggle(led:) at 100 Hz (cancel-previous producer), warmup 2s sample 5s, ACK 8 ms",PASS,seed=-; key_metrics=converged_last_wire_is_final_edit=True;error_message=nil;lat_max_ms=9.247;lat_p50_ms=4.7;lat_p95_ms=8.589;lat_p99_ms=8.81;max_pending=1;max_quarantined_seqs=76;not_sent_dropped_or_cancelled=300;offered=500;offered_hz=100;sent=200,StressOutputQueueTests/testP1_a2_ControlViewModelLiveEditCongestion | logs/ios/05_p1a.log,metrics/ios/cases.csv
P1-a-direct-10Hz-cmd2Hz,BoardConnection framePump/commandPump/outputPump,"frames 10 Hz + token commands 2 Hz, warmup 2s sample 10s, ACK 8 ms",PASS,seed=-; key_metrics=cmd_cancelled=0;cmd_dropped=0;cmd_error=0;cmd_lat_max_ms=10.657;cmd_lat_p50_ms=9.891;cmd_lat_p95_ms=10.437;cmd_lat_p99_ms=10.657;cmd_offered=20;cmd_ok=20;cmd_sent=20;cmd_timeout=0;final_frame_last_on_wire=True;final_offer_to_wire_ms=0.331;final_result=ok;frame_cancelled=0;frame_dropped=0;frame_error=0;frame_lat_max_ms=10.029;frame_lat_p50_ms=0.388;frame_lat_p95_ms=0.611;frame_lat_p99_ms=0.782;frame_offered=100;frame_offered_hz=10;frame_ok=100;frame_sent=100;frame_timeout=0;max_pending=1;max_quarantined_seqs=0,StressOutputQueueTests/testP1_a_DirectOutputQueueCongestion | logs/ios/05_p1a.log,metrics/ios/cases.csv
P1-a-direct-25Hz-cmd5Hz,BoardConnection framePump/commandPump/outputPump,"frames 25 Hz + token commands 5 Hz, warmup 2s sample 10s, ACK 8 ms",PASS,seed=-; key_metrics=cmd_cancelled=0;cmd_dropped=0;cmd_error=0;cmd_lat_max_ms=11.125;cmd_lat_p50_ms=9.955;cmd_lat_p95_ms=10.718;cmd_lat_p99_ms=11.125;cmd_offered=50;cmd_ok=50;cmd_sent=50;cmd_timeout=0;final_frame_last_on_wire=True;final_offer_to_wire_ms=0.42;final_result=ok;frame_cancelled=0;frame_dropped=0;frame_error=0;frame_lat_max_ms=10.725;frame_lat_p50_ms=0.494;frame_lat_p95_ms=1.049;frame_lat_p99_ms=10.504;frame_offered=250;frame_offered_hz=25;frame_ok=250;frame_sent=250;frame_timeout=0;max_pending=1;max_quarantined_seqs=0,StressOutputQueueTests/testP1_a_DirectOutputQueueCongestion | logs/ios/05_p1a.log,metrics/ios/cases.csv
P1-a-direct-50Hz-cmd8Hz,BoardConnection framePump/commandPump/outputPump,"frames 50 Hz + token commands 8 Hz, warmup 2s sample 10s, ACK 8 ms",PASS,seed=-; key_metrics=cmd_cancelled=0;cmd_dropped=0;cmd_error=0;cmd_lat_max_ms=10.529;cmd_lat_p50_ms=0.581;cmd_lat_p95_ms=9.848;cmd_lat_p99_ms=10.529;cmd_offered=80;cmd_ok=80;cmd_sent=80;cmd_timeout=0;final_frame_last_on_wire=True;final_offer_to_wire_ms=56.57;final_result=ok;frame_cancelled=0;frame_dropped=19;frame_error=0;frame_lat_max_ms=128.586;frame_lat_p50_ms=110.974;frame_lat_p95_ms=120.46;frame_lat_p99_ms=122.158;frame_offered=500;frame_offered_hz=50;frame_ok=481;frame_sent=481;frame_timeout=0;max_pending=1;max_quarantined_seqs=0,StressOutputQueueTests/testP1_a_DirectOutputQueueCongestion | logs/ios/05_p1a.log,metrics/ios/cases.csv
P1-a-direct-75Hz-cmd12Hz,BoardConnection framePump/commandPump/outputPump,"frames 75 Hz + token commands 12 Hz, warmup 2s sample 10s, ACK 8 ms",PASS,seed=-; key_metrics=cmd_cancelled=0;cmd_dropped=37;cmd_error=0;cmd_lat_max_ms=407.194;cmd_lat_p50_ms=296.315;cmd_lat_p95_ms=335.752;cmd_lat_p99_ms=407.194;cmd_offered=120;cmd_ok=83;cmd_sent=83;cmd_timeout=0;final_frame_last_on_wire=True;final_offer_to_wire_ms=53.704;final_result=ok;frame_cancelled=0;frame_dropped=269;frame_error=0;frame_lat_max_ms=106.55;frame_lat_p50_ms=75.086;frame_lat_p95_ms=80.471;frame_lat_p99_ms=86.754;frame_offered=750;frame_offered_hz=75;frame_ok=481;frame_sent=481;frame_timeout=0;max_pending=1;max_quarantined_seqs=0,StressOutputQueueTests/testP1_a_DirectOutputQueueCongestion | logs/ios/05_p1a.log,metrics/ios/cases.csv
P1-a-direct-100Hz-cmd20Hz,BoardConnection framePump/commandPump/outputPump,"frames 100 Hz + token commands 20 Hz, warmup 2s sample 10s, ACK 8 ms",PASS,seed=-; key_metrics=cmd_cancelled=0;cmd_dropped=116;cmd_error=0;cmd_lat_max_ms=394.936;cmd_lat_p50_ms=179.178;cmd_lat_p95_ms=201.07;cmd_lat_p99_ms=394.936;cmd_offered=200;cmd_ok=84;cmd_sent=84;cmd_timeout=0;final_frame_last_on_wire=True;final_offer_to_wire_ms=99.609;final_result=ok;frame_cancelled=0;frame_dropped=516;frame_error=0;frame_lat_max_ms=119.104;frame_lat_p50_ms=56.888;frame_lat_p95_ms=61.465;frame_lat_p99_ms=76.593;frame_offered=1000;frame_offered_hz=100;frame_ok=484;frame_sent=484;frame_timeout=0;max_pending=1;max_quarantined_seqs=0,StressOutputQueueTests/testP1_a_DirectOutputQueueCongestion | logs/ios/05_p1a.log,metrics/ios/cases.csv
P2-faces-127-128-129-reorder-payload,BoardConnection.faceReorder -> RinaLinkEncoder precondition,"face_reorder with 127/128/129 ids (board-style ~15 chars, local-style 42 chars)",FAIL,"seed=-; key_metrics=client_face_count_check=none (RinaLinkConstants.maxFaces unused);max_local_style_ids_fitting_4096=90;note=exact bytes from RinaCommand.encode(), the payload sendFaceOp passes to send();rows=n=127:boardStyleIdBytes=2316,localStyleIdBytes=5745 ; n=128:boardStyleIdBytes=2334,localStyleIdBytes=5790 ; n=129:boardStyleIdBytes=2352,localStyleIdBytes=5835",StressBoundaryTests/testP2_FaceCountBoundaries | logs/ios/07_faults_boundary_adopt.log,metrics/ios/cases.csv
P2-malformed-raw-bytes,RinaLinkDecoder + BoardConnection.route,4 MiB fuzz + crafted headers + 256 KiB garbage into live connection,PASS,"seed=0x2A2A; key_metrics=decoder_max_buffer=4074;error_frame_bad_json=RinaLinkError(ok: false, error: ""unknown error"", code: nil, expectedOffset: nil);frames_after_4000B_fill=1;fuzz_frames_parsed=678;fuzz_ms=719.611;garbage_single_feed=16384B=2ms|65536B=9ms|262144B=36ms;getFrame_46B=invalidResponse;oversized_len_then_valid_parsed=1;pings_after_garbage=ok|ok|ok;plausible_header_swallows_valid_frame=True;still_connected=True;valid_after_resync=1",StressBoundaryTests/testP2_MalformedRawBytes | logs/ios/07_faults_boundary_adopt.log,metrics/ios/cases.csv
P2-scroll-frames-0,BoardConnection.startScrollUpload,0 packed frames via raw-frame blob,PASS,seed=-; key_metrics=begin_totalFrames=0;bytes_sent=0;chunks=0;chunks_aligned_47=True;client_side_cap_enforced=False;max_frame_payload=178;outcome=accepted;reached_wire=True,StressBoundaryTests/testP2_ScrollFrameCountBoundaries | logs/ios/07_faults_boundary_adopt.log,metrics/ios/cases.csv
P2-scroll-frames-1,BoardConnection.startScrollUpload,1 packed frames via raw-frame blob,PASS,seed=-; key_metrics=begin_totalFrames=1;bytes_sent=47;chunks=1;chunks_aligned_47=True;client_side_cap_enforced=False;max_frame_payload=179;outcome=accepted;reached_wire=True,StressBoundaryTests/testP2_ScrollFrameCountBoundaries | logs/ios/07_faults_boundary_adopt.log,metrics/ios/cases.csv
P2-scroll-frames-3071,BoardConnection.startScrollUpload,3071 packed frames via raw-frame blob,PASS,seed=-; key_metrics=begin_totalFrames=3071;bytes_sent=144337;chunks=308;chunks_aligned_47=True;client_side_cap_enforced=False;max_frame_payload=474;outcome=accepted;reached_wire=True,StressBoundaryTests/testP2_ScrollFrameCountBoundaries | logs/ios/07_faults_boundary_adopt.log,metrics/ios/cases.csv
P2-scroll-frames-3072,BoardConnection.startScrollUpload,3072 packed frames via raw-frame blob,PASS,seed=-; key_metrics=begin_totalFrames=3072;bytes_sent=144384;chunks=308;chunks_aligned_47=True;client_side_cap_enforced=False;max_frame_payload=474;outcome=accepted;reached_wire=True,StressBoundaryTests/testP2_ScrollFrameCountBoundaries | logs/ios/07_faults_boundary_adopt.log,metrics/ios/cases.csv
P2-scroll-frames-3073,BoardConnection.startScrollUpload,3073 packed frames via raw-frame blob,FAIL,seed=-; key_metrics=begin_totalFrames=3073;bytes_sent=144431;chunks=308;chunks_aligned_47=True;client_side_cap_enforced=False;max_frame_payload=474;outcome=accepted;reached_wire=True,StressBoundaryTests/testP2_ScrollFrameCountBoundaries | logs/ios/07_faults_boundary_adopt.log,metrics/ios/cases.csv
P2-text-utf8-4095-4096-4097,ScrollText.exceedsByteLimit / ScrollRasterizer,ascii/cjk/emoji/combining x 4095/4096/4097 bytes,PASS,"seed=-; key_metrics=rows=ascii/4095:bytes=4095,exceeds=false,raster=tooManyFrames(projected: 6031),start_scroll_cmd_bytes=4142 ; ascii/4096:bytes=4096,exceeds=false,raster=tooManyFrames(projected: 6031),start_scroll_cmd_bytes=4143 ; ascii/4097:bytes=4097,exceeds=true,raster=tooManyFrames(projected: 6031),start_scroll_cmd_bytes=4144 ; cjk/4095:bytes=4095,exceeds=false,raster=tooManyFrames(projected: 12031),start_scroll_cmd_bytes=4142 ; cjk/4096:bytes=4096,exceeds=false,raster=tooManyFrames(projected: 12031),start_scroll_cmd_bytes=4143 ; cjk/4097:bytes=4097,exceeds=true,raster=tooManyFrames(projected: 12031),start_scroll_cmd_bytes=4144 ; emoji/4095:bytes=4095,exceeds=false,raster=textTooLong,start_scroll_cmd_bytes=4142 ; emoji/4096:bytes=4096,exceeds=false,raster=textTooLong,start_scroll_cmd_bytes=4143 ; emoji/4097:bytes=4097,exceeds=true,raster=textTooLong,start_scroll_cmd_bytes=4144 ; combining/4095:bytes=4095,exceeds=false,raster=tooManyFrames(projected: 9031),start_scroll_cmd_bytes=4142 ; combining/4096:bytes=4096,exceeds=false,raster=tooManyFrames(projected: 9031),start_scroll_cmd_bytes=4143 ; combining/4097:bytes=4097,exceeds=true,raster=tooManyFrames(projected: 9031),start_scroll_cmd_bytes=4144;wrong_limit_decisions=0",StressBoundaryTests/testP2_TextUtf8Boundaries | logs/ios/07_faults_boundary_adopt.log,metrics/ios/cases.csv
P2-text-bitmap-begin-overflow-reachability,TextViewModel.send -> startScrollBitmapUpload meta (BoardConnection.swift:941),"text <=4096 UTF-8 bytes accepted by rasterizer, sourceText embedded in BLOB_BEGIN JSON",FAIL,"seed=-; key_metrics=candidates=VS16:inputBytes=4096,frames=55,textBytes=4,derivedBeginBytes=213 ; ZWJ:inputBytes=4096,frames=55,textBytes=4096,derivedBeginBytes=4305 ; combining-acute:inputBytes=4096,raster=tooManyFrames(projected: 12007) ; tag-a:inputBytes=4096,frames=55,textBytes=4096,derivedBeginBytes=4305 ; ZWSP:inputBytes=4096,raster=tooManyFrames(projected: 12007);note=derived size; trap confirmed separately by StressCrashReproTests;rasterizer_accepted_overflowing_candidates=ZWJ|tag-a",StressBoundaryTests/testP2_TextUtf8Boundaries | logs/ios/07_faults_boundary_adopt.log,metrics/ios/cases.csv
P1-b1-not-writable,BoardConnection.sendUnqueued sendTask error path,"1 setFrame, transport throws before first byte",PASS,seed=-; key_metrics=error=notConnected;fail_ms=7.621;next_ok=True;pending_after=0;wire=b1-next,StressFaultBlobTests/testP1_b1_NotWritableFailsFastAndNextRequestSucceeds | logs/ios/07_faults_boundary_adopt.log,metrics/ios/cases.csv
P1-b2-zero-write,BoardConnection timeout path,"transport reports success, 0 bytes reach board",PASS,seed=-; key_metrics=error=timeout;fail_ms=320.16;next_ok=True,StressFaultBlobTests/testP1_b2_ZeroWriteTimesOutAndNextRequestSucceeds | logs/ios/07_faults_boundary_adopt.log,metrics/ios/cases.csv
P1-b3-short-write,BoardConnection over RinaTransport contract,setFrame: 10 of 59 bytes written then error; next 2 frames on same link,FAIL,"seed=-; key_metrics=board_parsed_types=10|10;first_error=underlying(""short write"");next_frame_intact_on_board=False;next_ms=5042.861;next_result=timeout;note=BoardConnection has no resync/reset after a transport write error; real BLETransport disconnects on partial-packet timeout (BLETransport.swift:532), TCP writes are atomic;reconnects=1;third_ok=True",StressFaultBlobTests/testP1_b3_ShortWriteLeavesPartialFrameOnSameLink | logs/ios/07_faults_boundary_adopt.log,metrics/ios/cases.csv
P1-b4-disconnect-mid-frame,BoardConnection.handleTransportState/failAllPending,20 outstanding GET_STATUS + setFrame cut after 7 bytes with carrier drop,PASS,seed=-; key_metrics=all_pending_resumed=True;first_frame_after_reconnect_type=06;frame_error=notConnected;multi_resumed=0;pending_errors=notConnected;reconnected=True;resume_ms=5.769;set_frame_after_reconnect_ok=True,StressFaultBlobTests/testP1_b4_DisconnectMidFrameResumesAllPendingOnceAndStartsCleanFrame | logs/ios/07_faults_boundary_adopt.log,metrics/ios/cases.csv
P1-b5-chunked-writes-serialized,RatePump-serialized transport (BLETransport.writePump model),"200 concurrent PING 30-300B, 20B chunks with yields",PASS,seed=0xB5; key_metrics=dropped=0;error=0;garbage_frames_on_board=0;max_concurrent_transport_sends=1;mismatch=0;ok=200;timeout=0;valid_frames_on_board=200,StressFaultBlobTests/testP1_b5_ConcurrentChunkedWritesNeverInterleave | logs/ios/13_b5_rerun.log,metrics/ios/cases.csv
P1-b5-chunked-writes-unserialized-control,BoardConnection concurrency contract,"200 concurrent PING 30-300B, 20B chunks with yields",PASS,seed=0xB5; key_metrics=dropped=0;error=0;garbage_frames_on_board=26;max_concurrent_transport_sends=200;mismatch=26;ok=0;timeout=174;valid_frames_on_board=0,StressFaultBlobTests/testP1_b5_ConcurrentChunkedWritesNeverInterleave | logs/ios/13_b5_rerun.log,metrics/ios/cases.csv
P1-d-blob-begin-cancel,BoardConnection.uploadBlob/blobPump/output lease,"10 loops, 1410B scroll blob, fault at begin",PASS,seed=-; key_metrics=aborts_sent=10;carrier_resets=10;failures=;loops=10;recover_ms_max=3.532;recover_ms_p50=3.435;upload_end_ms_max=4.4;upload_end_ms_p50=4.283,StressFaultBlobTests/testP1_d_BlobFaultsReleaseLocksLeasesAndPermits | logs/ios/07_faults_boundary_adopt.log,metrics/ios/cases.csv
P1-d-blob-begin-disconnect,BoardConnection.uploadBlob/blobPump/output lease,"10 loops, 1410B scroll blob, fault at begin",PASS,seed=-; key_metrics=aborts_sent=0;carrier_resets=10;failures=;loops=10;recover_ms_max=3.521;recover_ms_p50=3.37;upload_end_ms_max=2.191;upload_end_ms_p50=2.114,StressFaultBlobTests/testP1_d_BlobFaultsReleaseLocksLeasesAndPermits | logs/ios/07_faults_boundary_adopt.log,metrics/ios/cases.csv
P1-d-blob-chunk-cancel,BoardConnection.uploadBlob/blobPump/output lease,"10 loops, 1410B scroll blob, fault at chunk",PASS,seed=-; key_metrics=aborts_sent=10;carrier_resets=10;failures=;loops=10;recover_ms_max=4.681;recover_ms_p50=3.352;upload_end_ms_max=4.411;upload_end_ms_p50=4.263,StressFaultBlobTests/testP1_d_BlobFaultsReleaseLocksLeasesAndPermits | logs/ios/07_faults_boundary_adopt.log,metrics/ios/cases.csv
P1-d-blob-chunk-disconnect,BoardConnection.uploadBlob/blobPump/output lease,"10 loops, 1410B scroll blob, fault at chunk",PASS,seed=-; key_metrics=aborts_sent=0;carrier_resets=10;failures=;loops=10;recover_ms_max=5.143;recover_ms_p50=3.3;upload_end_ms_max=2.154;upload_end_ms_p50=2.107,StressFaultBlobTests/testP1_d_BlobFaultsReleaseLocksLeasesAndPermits | logs/ios/07_faults_boundary_adopt.log,metrics/ios/cases.csv
P1-d-blob-end-cancel,BoardConnection.uploadBlob/blobPump/output lease,"10 loops, 1410B scroll blob, fault at end",PASS,seed=-; key_metrics=aborts_sent=10;carrier_resets=10;failures=;loops=10;recover_ms_max=3.566;recover_ms_p50=3.414;upload_end_ms_max=4.458;upload_end_ms_p50=4.294,StressFaultBlobTests/testP1_d_BlobFaultsReleaseLocksLeasesAndPermits | logs/ios/07_faults_boundary_adopt.log,metrics/ios/cases.csv
P1-d-blob-end-disconnect,BoardConnection.uploadBlob/blobPump/output lease,"10 loops, 1410B scroll blob, fault at end",PASS,seed=-; key_metrics=aborts_sent=0;carrier_resets=10;failures=;loops=10;recover_ms_max=3.564;recover_ms_p50=2.873;upload_end_ms_max=2.192;upload_end_ms_p50=2.119,StressFaultBlobTests/testP1_d_BlobFaultsReleaseLocksLeasesAndPermits | logs/ios/07_faults_boundary_adopt.log,metrics/ios/cases.csv
P1-d-blob-abort-cancel,BoardConnection.uploadBlob/blobPump/output lease,"10 loops, 1410B scroll blob, fault at abort",PASS,seed=-; key_metrics=aborts_sent=10;carrier_resets=10;failures=;loops=10;recover_ms_max=3.843;recover_ms_p50=3.297;upload_end_ms_max=2002.36;upload_end_ms_p50=2001.363,StressFaultBlobTests/testP1_d_BlobFaultsReleaseLocksLeasesAndPermits | logs/ios/07_faults_boundary_adopt.log,metrics/ios/cases.csv
P1-d-blob-abort-disconnect,BoardConnection.uploadBlob/blobPump/output lease,"10 loops, 1410B scroll blob, fault at abort",PASS,seed=-; key_metrics=aborts_sent=10;carrier_resets=10;failures=;loops=10;recover_ms_max=3.61;recover_ms_p50=3.251;upload_end_ms_max=2.281;upload_end_ms_p50=2.113,StressFaultBlobTests/testP1_d_BlobFaultsReleaseLocksLeasesAndPermits | logs/ios/07_faults_boundary_adopt.log,metrics/ios/cases.csv
P1-c2-paused-text-reconnect,TextViewModel.restoreOnConnect,"20 carrier drop/reconnect cycles, 250 ms observation each, board paused at 4",PASS,seed=-; key_metrics=cycles=20;details=;drifted_cycles=0;reconnects=20,StressOwnershipTests/testP1_c2_PausedTextSessionDoesNotAdvanceAcrossReconnects | logs/ios/08_ownership.log,metrics/ios/cases.csv
P1-c-takeover-queued,BoardPlaybackCoordinator + BoardConnection.setFrame,"49 directions (42 switches + 7 restarts) x 100 loops, concurrent connections",PASS,seed=-; key_metrics=examples=;failures=0;iterations=4900;matrix_wall_s=37.466;old_setFrame_returned_ok=0;old_writes_after_takeover=0,StressOwnershipTests/testP1_c_TakeoverMatrix | logs/ios/12_ownership_matrix.log,metrics/ios/cases.csv
P1-c-takeover-writing,BoardPlaybackCoordinator + BoardConnection.setFrame,"49 directions (42 switches + 7 restarts) x 100 loops, concurrent connections",PASS,seed=-; key_metrics=examples=;failures=0;iterations=4900;matrix_wall_s=37.466;old_setFrame_returned_ok=0;old_writes_after_takeover=0,StressOwnershipTests/testP1_c_TakeoverMatrix | logs/ios/12_ownership_matrix.log,metrics/ios/cases.csv
P1-c-takeover-awaitingAck,BoardPlaybackCoordinator + BoardConnection.setFrame,"49 directions (42 switches + 7 restarts) x 100 loops, concurrent connections",PASS,seed=-; key_metrics=examples=;failures=0;iterations=4900;matrix_wall_s=37.466;old_setFrame_returned_ok=0;old_writes_after_takeover=0,StressOwnershipTests/testP1_c_TakeoverMatrix | logs/ios/12_ownership_matrix.log,metrics/ios/cases.csv
P1-c-takeover-ackQueued,BoardPlaybackCoordinator + BoardConnection.setFrame,"49 directions (42 switches + 7 restarts) x 100 loops, concurrent connections",PASS,seed=-; key_metrics=examples=;failures=0;iterations=4900;matrix_wall_s=37.466;old_setFrame_returned_ok=0;old_writes_after_takeover=0,StressOwnershipTests/testP1_c_TakeoverMatrix | logs/ios/12_ownership_matrix.log,metrics/ios/cases.csv
P1-c-takeover-ackRouted,BoardPlaybackCoordinator + BoardConnection.setFrame,"49 directions (42 switches + 7 restarts) x 100 loops, concurrent connections",PASS,seed=-; key_metrics=examples=;failures=0;iterations=4900;matrix_wall_s=37.466;old_setFrame_returned_ok=0;old_writes_after_takeover=0,StressOwnershipTests/testP1_c_TakeoverMatrix | logs/ios/12_ownership_matrix.log,metrics/ios/cases.csv
CRASH-1-text-send-bitmap-begin-overflow,TextViewModel.send -> BoardConnection.startScrollBitmapUpload (BoardConnection.swift:941) -> RinaLinkEncoder precondition (RinaLinkCodec.swift:30),"text 'Rina'+ZWJ x1364 (4096 UTF-8 bytes, 55 frames, passes rasterizer)",FAIL,seed=-; key_metrics=crash_report=logs/ios/crash_text_bitmap_begin_overflow.ips;result=Precondition failed: payload (4305 bytes) exceeds maxPayloadBytes (4096); host app trapped,StressCrashReproTests/testCrashRepro_TextSendBitmapBeginOverflow | logs/ios/99_manual_rows.log,metrics/ios/cases.csv
CRASH-2-face-reorder-overflow,"BoardConnection.faceReorder/sendFaceOp (BoardConnection.swift:976,994) -> RinaLinkEncoder precondition",face_reorder with 128 ids of 42 chars (local_<uuid> style),FAIL,seed=-; key_metrics=crash_report=logs/ios/crash_face_reorder_overflow.ips;reachability=unverified: needs board document with long ids (e.g. imported faces JSON); board-assigned custom_<base36> ids fit (128 ids = 2334 B);result=Precondition failed: payload (5790 bytes) exceeds maxPayloadBytes (4096); host app trapped,StressCrashReproTests/testCrashRepro_FaceReorderOverflow | logs/ios/99_manual_rows.log,metrics/ios/cases.csv
OBS-a-presetlive-no-resume-after-reconnect,PresetLiveView/PresetLiveModel,static (host repro needs licensed audio + AVAudioPlayer playback),BLOCKED,seed=-; key_metrics=static_evidence=RootTabView.swift:120 (REPO: same block) calls performance.suspendBoardOutput() on every connection-generation change; PresetLiveModel.needsBoardResume (PresetLiveModel.swift:109) becomes true; no caller of PresetLiveModel.resumeBoardOutput exists (grep) while VideoPlayerView.swift:212-214 offers the resume button; PresetLiveView.swift:61 only shows '仅本地预览',grep resumeBoardOutput ios/RinaBoard | logs/ios/99_manual_rows.log,metrics/ios/cases.csv
OBS-c-ble-rssi-never-refreshed-when-connected,BLETransport,static (CoreBluetooth peripheral not available on host),BLOCKED,"seed=-; key_metrics=static_evidence=rssi only written in didDiscover (BLETransport.swift:623,630); connect path calls stopScan() (BLETransport.swift:325) so no more advertisements; no readRSSI()/peripheral(_:didReadRSSI:) anywhere in ios/RinaBoard",grep readRSSI ios/RinaBoard | logs/ios/99_manual_rows.log,metrics/ios/cases.csv
