cycle,seed,pid_before,kill_rc,disconnect_s,dwell_s,launch_rc,connect_s,subscribed_s,first_rx_s,status,anomalies,launch_err
0,20260912,,,,0.0,0,1.0324161052703857,0.9315829277038574,0.10463428497314453,PASS,,
1,20260912,1102,0,0.10046887397766113,3.0,0,0.7276620864868164,0.7265942096710205,0.10124707221984863,PASS,,
2,20260912,1104,0,0.20557904243469238,1.0,0,0.7233090400695801,0.8290879726409912,0.1016383171081543,PASS,,
3,20260912,1106,0,0.10120868682861328,0.2,0,1.0264458656311035,0.9280490875244141,0.10521388053894043,PASS,,
4,20260912,1108,0,0.10411906242370605,0.0,0,0.7299909591674805,0.8232786655426025,0.10836195945739746,PASS,,
5,20260912,1110,0,0.10307908058166504,0.0,0,0.7253050804138184,0.9333951473236084,0.10466718673706055,PASS,,
6,20260912,1114,0,0.10319113731384277,2.0,0,0.6200520992279053,0.8227770328521729,0.2072458267211914,PASS,,
7,20260912,1116,0,0.20374703407287598,3.0,0,0.5194692611694336,0.9297008514404297,0.10369062423706055,PASS,,
8,20260912,1118,0,0.1051778793334961,2.0,0,0.6146790981292725,0.8334298133850098,0.20793390274047852,PASS,,
9,20260912,1121,0,0.20797419548034668,3.0,0,0.6159727573394775,0.9261908531188965,0.10520505905151367,PASS,,
10,20260912,1123,0,0.20599603652954102,2.0,0,0.5158767700195312,0.9355649948120117,0.10372090339660645,PASS,,
11,20260912,1130,0,0.10236096382141113,1.0,0,0.6171479225158691,0.9331309795379639,0.10570979118347168,PASS,,
12,20260912,1153,0,0.10280799865722656,0.0,0,0.6195201873779297,0.9345438480377197,0.10263395309448242,PASS,,
13,20260912,1170,0,0.20904994010925293,0.2,0,0.6214730739593506,0.9313578605651855,0.20697402954101562,PASS,,
14,20260912,1172,0,0.10134696960449219,3.0,0,0.5179951190948486,0.9317560195922852,0.20810508728027344,PASS,,
15,20260912,1174,0,0.10515213012695312,0.0,0,0.6200850009918213,0.9358081817626953,0.10072207450866699,PASS,,
16,20260912,1176,0,0.1044769287109375,1.0,0,0.6283831596374512,0.835029125213623,0.2059173583984375,PASS,,
17,20260912,1178,0,0.21036815643310547,1.0,0,0.6216428279876709,0.9267489910125732,0.10494780540466309,PASS,,
18,20260912,1180,0,0.20459318161010742,2.0,0,0.6233017444610596,0.8269109725952148,0.10264396667480469,PASS,,
19,20260912,1182,0,0.1051640510559082,3.0,0,0.7206599712371826,0.9313247203826904,0.10514187812805176,PASS,,
20,20260912,1185,0,0.10128092765808105,2.0,0,0.7223420143127441,0.8189969062805176,0.10242080688476562,PASS,,
21,20260912,1187,0,0.10239386558532715,0.0,0,0.9272458553314209,0.8251039981842041,0.20527386665344238,PASS,,
22,20260912,1189,0,0.10491490364074707,3.0,0,0.6193270683288574,0.831535816192627,0.20758724212646484,PASS,,
23,20260912,1191,0,0.20690703392028809,2.0,0,0.6135978698730469,0.9320030212402344,0.10489821434020996,PASS,,
24,20260912,1193,0,0.10149669647216797,0.0,0,0.5161511898040771,0.9355158805847168,0.10369610786437988,PASS,,
25,20260912,1195,0,0.10493278503417969,0.5,0,0.7152450084686279,0.9282190799713135,0.10459017753601074,PASS,,
26,20260912,1197,0,0.10430288314819336,3.0,0,0.7221488952636719,0.9362421035766602,0.10277915000915527,PASS,,
27,20260912,1199,0,0.10137391090393066,2.0,0,0.7172038555145264,0.9323480129241943,0.1004180908203125,PASS,,
28,20260912,1205,0,0.10082411766052246,1.0,0,0.6171572208404541,1.0389351844787598,0.10172224044799805,PASS,,
29,20260912,1207,0,0.20689177513122559,0.0,0,0.5170059204101562,0.9341778755187988,0.2088608741760254,PASS,,
30,20260912,1209,0,0.10475420951843262,1.0,0,0.6252131462097168,0.93601393699646,0.10391712188720703,PASS,,
31,20260912,1211,0,0.20622920989990234,2.0,0,0.6223678588867188,0.9348351955413818,0.20427703857421875,PASS,,
32,20260912,1214,0,0.10516190528869629,0.0,0,0.627683162689209,0.9267909526824951,0.20556187629699707,PASS,,
33,20260912,1216,0,0.10289931297302246,1.0,0,0.6201291084289551,1.0046589374542236,0.10242199897766113,PASS,,
34,20260912,1218,0,0.10036420822143555,1.0,0,0.6181480884552002,0.8227112293243408,0.10497713088989258,PASS,,
35,20260912,1220,0,0.21035385131835938,0.0,0,0.7288198471069336,0.8245408535003662,0.20383524894714355,PASS,,
36,20260912,1222,0,0.10368585586547852,0.2,0,0.6213791370391846,0.9398221969604492,0.10513901710510254,PASS,,
37,20260912,1224,0,0.10430502891540527,0.2,0,0.6136219501495361,0.9369778633117676,0.10395598411560059,PASS,,
38,20260912,1226,0,0.20876216888427734,0.2,0,0.7191078662872314,0.8337571620941162,0.10137414932250977,PASS,,
39,20260912,1228,0,0.21022486686706543,2.0,0,0.6187789440155029,0.8297591209411621,0.2047712802886963,PASS,,
40,20260912,1230,0,0.20993304252624512,0.0,0,0.7290351390838623,0.931351900100708,0.10174703598022461,PASS,,
41,20260912,1232,0,0.20829200744628906,0.2,0,0.41228318214416504,0.9385240077972412,0.10323786735534668,PASS,,
42,20260912,1234,0,0.20642495155334473,0.2,0,0.5153119564056396,0.9331979751586914,0.21014022827148438,PASS,,
43,20260912,1236,0,0.21040678024291992,0.5,0,0.6200189590454102,0.9331138134002686,0.10506272315979004,PASS,,
44,20260912,1238,0,0.20603299140930176,0.2,0,0.6189048290252686,0.9300379753112793,0.10309004783630371,PASS,,
45,20260912,1240,0,0.10430312156677246,3.0,0,0.6275200843811035,0.9350030422210693,0.10310506820678711,PASS,,
46,20260912,1243,0,0.1033477783203125,0.5,0,0.6197388172149658,0.9363818168640137,0.2060389518737793,PASS,,
47,20260912,1245,0,0.10170483589172363,3.0,0,0.6137206554412842,0.9286861419677734,0.10147404670715332,PASS,,
48,20260912,1247,0,0.10559606552124023,0.2,0,0.5214447975158691,0.9347341060638428,0.10332298278808594,PASS,,
49,20260912,1249,0,0.2048320770263672,0.0,0,0.6155052185058594,0.9281461238861084,0.10218095779418945,PASS,,
50,20260912,1251,0,0.22044706344604492,0.2,0,0.6220831871032715,0.9646620750427246,0.20784997940063477,PASS,,
51,20260912,1253,0,0.10485100746154785,3.0,0,0.5212728977203369,1.0272760391235352,0.10546517372131348,PASS,,
52,20260912,1255,0,0.20673513412475586,0.2,0,0.6223280429840088,0.9299321174621582,0.21256184577941895,PASS,,
53,20260912,1257,0,0.10255599021911621,2.0,0,0.7208850383758545,0.8453049659729004,0.2050471305847168,PASS,,
54,20260912,1259,0,0.20671677589416504,1.0,0,0.622039794921875,0.9224307537078857,0.10472607612609863,PASS,,
55,20260912,1261,0,0.2104489803314209,0.0,0,0.711367130279541,0.8278400897979736,0.20794081687927246,PASS,,
56,20260912,1263,0,0.10413408279418945,0.5,0,0.7254006862640381,0.8166868686676025,0.20595216751098633,PASS,,
57,20260912,1265,0,0.1053769588470459,0.5,0,0.6186308860778809,0.8273899555206299,0.1033170223236084,PASS,,
58,20260912,1267,0,0.1052541732788086,0.0,0,0.7259261608123779,0.9350509643554688,0.10484886169433594,PASS,,
59,20260912,1269,0,0.2099010944366455,0.0,0,0.6270079612731934,0.8399033546447754,0.10389995574951172,PASS,,
60,20260912,1271,0,0.20695924758911133,0.5,0,0.6224379539489746,0.8364837169647217,0.21554994583129883,PASS,,
61,20260912,1273,0,0.20612192153930664,3.0,0,0.5166840553283691,0.8240871429443359,0.2084670066833496,PASS,,
62,20260912,1275,0,0.20335888862609863,3.0,0,0.6170790195465088,0.9306519031524658,0.10266709327697754,PASS,,
63,20260912,1277,0,0.10373497009277344,0.2,0,0.6204578876495361,0.9284768104553223,0.10519027709960938,PASS,,
64,20260912,1279,0,0.20403718948364258,1.0,0,0.8239827156066895,0.9264850616455078,0.20136594772338867,PASS,,
65,20260912,1281,0,0.20893120765686035,1.0,0,0.7272241115570068,0.9354689121246338,0.10303306579589844,PASS,,
66,20260912,1283,0,0.10385608673095703,0.0,0,0.6211819648742676,0.8158619403839111,0.20719003677368164,PASS,,
67,20260912,1285,0,0.20754194259643555,0.2,0,0.7247281074523926,0.8230271339416504,0.21064090728759766,PASS,,
68,20260912,1287,0,0.10165691375732422,0.2,0,0.724008321762085,1.0343689918518066,0.10357403755187988,PASS,,
69,20260912,1289,0,0.2081298828125,0.2,0,0.828948974609375,0.9288709163665771,0.1039118766784668,PASS,,
70,20260912,1291,0,0.10372090339660645,2.0,0,0.7213408946990967,0.934377908706665,0.20572400093078613,PASS,,
71,20260912,1293,0,0.10509014129638672,0.0,0,0.8221321105957031,0.93107008934021,0.10516023635864258,PASS,,
72,20260912,1295,0,0.10510826110839844,0.2,0,0.7253057956695557,0.9244170188903809,0.10558009147644043,PASS,,
73,20260912,1297,0,0.20781493186950684,3.0,0,0.6159088611602783,0.9257340431213379,0.10248208045959473,PASS,,
74,20260912,1299,0,0.20788311958312988,1.0,0,0.6225731372833252,1.0411419868469238,0.10213971138000488,PASS,,
75,20260912,1301,0,0.20423030853271484,1.0,0,0.618480920791626,0.9268889427185059,0.10300588607788086,PASS,,
76,20260912,1303,0,0.10519599914550781,0.0,0,0.6198389530181885,0.9307780265808105,0.10243391990661621,PASS,,
77,20260912,1305,0,0.2103562355041504,0.0,0,0.626507043838501,0.8336029052734375,0.10528302192687988,PASS,,
78,20260912,1307,0,0.2060868740081787,0.2,0,0.7251551151275635,0.9240310192108154,5.7697296142578125e-05,PASS,,
79,20260912,1309,0,0.20788192749023438,0.2,0,0.6217288970947266,0.9312782287597656,0.1045830249786377,PASS,,
80,20260912,1311,0,0.20984601974487305,0.5,0,0.6222310066223145,0.9168062210083008,0.10448288917541504,PASS,,
81,20260912,1313,0,0.10520601272583008,0.2,0,0.6181960105895996,0.839155912399292,0.10537028312683105,PASS,,
82,20260912,1315,0,0.20612192153930664,0.0,0,0.7263801097869873,0.937830924987793,0.10524678230285645,PASS,,
83,20260912,1317,0,0.20740699768066406,0.2,0,0.72607421875,0.9309158325195312,0.10143589973449707,PASS,,
84,20260912,1319,0,0.10129618644714355,1.0,0,0.6190218925476074,1.0365519523620605,8.821487426757812e-05,PASS,,
85,20260912,1324,0,0.2041158676147461,2.0,0,0.6152439117431641,0.8299450874328613,0.20462322235107422,PASS,,
86,20260912,1326,0,0.10525679588317871,0.0,0,0.720250129699707,0.82834792137146,0.2081308364868164,PASS,,
87,20260912,1328,0,0.1049489974975586,3.0,0,0.6264126300811768,1.0327837467193604,0.20536112785339355,PASS,,
88,20260912,1330,0,0.20288491249084473,3.0,0,1.0313079357147217,0.8327369689941406,0.20636391639709473,PASS,,
89,20260912,1332,0,0.20825791358947754,0.0,0,0.3103048801422119,0.9316902160644531,0.10111021995544434,PASS,,
90,20260912,1334,0,0.10128998756408691,2.0,0,0.6165921688079834,0.9368419647216797,0.1050710678100586,PASS,,
91,20260912,1336,0,0.21024179458618164,2.0,0,0.5152609348297119,0.9327359199523926,0.20544004440307617,PASS,,
92,20260912,1338,0,0.2051100730895996,2.0,0,1.047523021697998,0.9338293075561523,0.20742392539978027,PASS,,
93,20260912,1340,0,0.1019589900970459,0.2,0,0.6207730770111084,0.9346890449523926,0.10363602638244629,PASS,,
94,20260912,1342,0,0.10302400588989258,2.0,0,0.6147360801696777,0.8315320014953613,0.20554614067077637,PASS,,
95,20260912,1344,0,0.10446500778198242,2.0,0,0.5172181129455566,0.8274762630462646,0.20589995384216309,PASS,,
96,20260912,1346,0,0.10458803176879883,0.5,0,0.620368242263794,0.925818920135498,0.10215306282043457,PASS,,
97,20260912,1348,0,0.10060691833496094,0.0,0,0.7245478630065918,0.8240501880645752,0.10518693923950195,PASS,,
98,20260912,1350,0,0.20196199417114258,0.0,0,0.6176431179046631,0.9220890998840332,0.10489392280578613,PASS,,
99,20260912,1352,0,0.10425806045532227,3.0,0,0.6213419437408447,0.928703784942627,0.10485601425170898,PASS,,
