t_s,lit,queued,accepted,ledReady,refreshUs,refreshMaxUs,refreshFail,heapFree,largestBlock,vbat,battery_pct,charging
5.0,32,0,1238,1,11023,11099,0,90436,8126452,7.6,58,0
6.0,32,0,1238,1,11023,11099,0,90436,8126452,7.6,58,0
15.1,60,0,1338,1,11037,11099,0,90436,8126452,7.59,58,0
16.1,60,0,1338,1,11037,11099,0,90436,8126452,7.59,58,0
25.1,46,0,1439,1,11037,11099,0,90436,8126452,7.58,56,0
34.1,45,0,1539,1,11064,11099,0,90436,8126452,7.57,56,0
35.1,45,0,1539,1,11064,11099,0,90436,8126452,7.57,56,0
36.1,45,0,1539,1,11064,11099,0,90436,8126452,7.57,56,0
44.2,20,0,1604,1,11027,11099,0,90436,8126452,7.58,56,0
45.2,20,0,1604,1,11027,11099,0,90436,8126452,7.58,56,0
54.2,0,0,1618,1,11022,11099,0,90436,8126452,7.58,56,0
55.2,0,0,1618,1,11022,11099,0,90436,8126452,7.58,56,0
56.2,0,0,1618,1,11022,11099,0,90436,8126452,7.58,56,0
64.2,0,0,1618,1,11022,11099,0,90436,8126452,7.59,56,0
65.3,0,0,1618,1,11022,11099,0,90436,8126452,7.59,56,0
66.3,0,0,1618,1,11022,11099,0,90436,8126452,7.59,56,0
74.3,55,0,1647,1,11045,11099,0,90436,8126452,7.59,56,0
75.3,55,0,1647,1,11045,11099,0,90436,8126452,7.59,56,0
84.3,51,0,1748,1,11035,11099,0,90436,8126452,7.58,56,0
85.3,51,0,1748,1,11035,11099,0,90436,8126452,7.58,56,0
95.4,71,0,1849,1,11019,11099,0,89620,8126452,7.57,56,0
104.4,20,0,1949,1,11023,11099,0,90436,8126452,7.57,56,0
105.4,20,0,1949,1,11023,11099,0,90436,8126452,7.57,56,0
106.4,20,0,1949,1,11023,11099,0,90436,8126452,7.57,56,0
114.4,49,0,2049,1,11019,11099,0,90436,8126452,7.57,56,0
115.4,49,0,2049,1,11019,11099,0,90436,8126452,7.57,56,0
116.4,49,0,2049,1,11019,11099,0,90436,8126452,7.57,56,0
125.5,68,0,2150,1,11039,11099,0,90436,8126452,7.57,56,0
126.5,68,0,2150,1,11039,11099,0,90436,8126452,7.56,56,0
135.5,10,0,2250,1,11035,11099,0,90436,8126452,7.57,56,0
136.5,10,0,2250,1,11035,11099,0,90436,8126452,7.57,56,0
145.5,44,0,2350,1,11039,11099,0,90436,8126452,7.56,56,0
146.5,44,0,2350,1,11039,11099,0,90436,8126452,7.56,56,0
154.6,54,0,2451,1,11043,11099,0,90436,8126452,7.56,56,0
155.6,54,0,2451,1,11043,11099,0,90436,8126452,7.56,56,0
156.6,54,0,2451,1,11043,11099,0,90436,8126452,7.56,56,0
164.6,35,0,2551,1,11039,11099,0,90436,8126452,7.56,54,0
165.6,35,0,2551,1,11039,11099,0,90436,8126452,7.56,54,0
166.6,35,0,2551,1,11039,11099,0,90436,8126452,7.56,54,0
174.6,62,0,2651,1,11037,11099,0,90436,8126452,7.56,54,0
175.6,62,0,2651,1,11037,11099,0,90436,8126452,7.56,54,0
176.6,62,0,2651,1,11037,11099,0,90436,8126452,7.56,54,0
184.7,41,0,2752,1,11020,11099,0,90436,8126452,7.56,54,0
185.7,41,0,2752,1,11020,11099,0,90436,8126452,7.56,54,0
186.7,41,0,2752,1,11020,11099,0,90436,8126452,7.56,54,0
194.7,44,0,2852,1,11021,11099,0,90436,8126452,7.55,54,0
195.7,44,0,2852,1,11021,11099,0,90436,8126452,7.55,54,0
196.7,44,0,2852,1,11021,11099,0,90436,8126452,7.55,54,0
204.8,55,0,2952,1,11032,11099,0,90436,8126452,7.56,54,0
205.8,55,0,2952,1,11032,11099,0,90436,8126452,7.56,54,0
206.8,55,0,2952,1,11032,11099,0,90436,8126452,7.56,54,0
214.8,42,0,3052,1,11032,11099,0,90436,8126452,7.56,54,0
215.8,42,0,3052,1,11032,11099,0,90436,8126452,7.56,54,0
216.8,42,0,3052,1,11032,11099,0,90436,8126452,7.56,54,0
224.8,68,0,3152,1,11034,11099,0,90436,8126452,7.55,54,0
225.8,68,0,3152,1,11034,11099,0,90436,8126452,7.55,54,0
226.8,68,0,3152,1,11034,11099,0,90436,8126452,7.55,54,0
234.9,31,0,3252,1,11021,11099,0,90436,8126452,7.56,54,0
235.9,31,0,3252,1,11021,11099,0,90436,8126452,7.56,54,0
236.9,31,0,3252,1,11021,11099,0,90436,8126452,7.56,54,0
244.9,48,0,3353,1,11043,11099,0,90436,8126452,7.55,54,0
245.9,48,0,3353,1,11043,11099,0,90436,8126452,7.55,54,0
246.9,48,0,3353,1,11043,11099,0,90436,8126452,7.55,54,0
254.9,65,0,3453,1,11019,11099,0,90436,8126452,7.55,54,0
255.9,65,0,3453,1,11019,11099,0,90436,8126452,7.55,54,0
265.0,6,0,3554,1,11037,11099,0,89620,8126452,7.55,54,0
266.0,6,0,3554,1,11037,11099,0,89620,8126452,7.55,54,0
267.0,6,0,3554,1,11037,11099,0,89620,8126452,7.55,54,0
275.0,35,0,3655,1,11033,11099,0,90436,8126452,7.55,54,0
276.0,35,0,3655,1,11033,11099,0,90436,8126452,7.55,54,0
277.0,35,0,3655,1,11033,11099,0,90436,8126452,7.55,54,0
285.0,56,0,3755,1,11022,11099,0,90436,8126452,7.55,54,0
286.0,56,0,3755,1,11022,11099,0,90436,8126452,7.55,54,0
287.0,56,0,3755,1,11022,11099,0,90436,8126452,7.55,54,0
296.1,34,0,3856,1,11020,11099,0,90436,8126452,7.55,54,0
297.1,34,0,3856,1,11020,11099,0,90436,8126452,7.55,54,0
306.1,58,0,3956,1,11037,11099,0,90436,8126452,7.55,54,0
307.1,58,0,3956,1,11037,11099,0,90436,8126452,7.55,54,0
316.1,43,0,4057,1,11042,11099,0,90436,8126452,7.55,54,0
317.2,43,0,4057,1,11042,11099,0,90436,8126452,7.55,54,0
326.2,47,0,4157,1,11036,11099,0,90436,8126452,7.54,54,0
327.2,47,0,4157,1,11036,11099,0,90436,8126452,7.54,54,0
336.2,54,0,4257,1,11021,11099,0,90436,8126452,7.55,54,0
337.2,54,0,4257,1,11021,11099,0,90436,8126452,7.55,54,0
346.3,37,0,4358,1,11034,11099,0,90436,8126452,7.54,54,0
347.3,37,0,4358,1,11034,11099,0,90436,8126452,7.54,54,0
356.3,57,0,4458,1,11038,11099,0,90436,8126452,7.54,54,0
357.3,57,0,4458,1,11038,11099,0,90436,8126452,7.54,54,0
366.3,42,0,4559,1,11021,11099,0,90436,8126452,7.54,54,0
367.3,42,0,4559,1,11021,11099,0,90436,8126452,7.54,54,0
376.4,48,0,4660,1,11030,11099,0,90436,8126452,7.54,54,0
377.4,48,0,4660,1,11030,11099,0,90436,8126452,7.54,54,0
386.4,88,0,4760,1,11021,11099,0,90436,8126452,7.54,54,0
387.4,88,0,4760,1,11021,11099,0,90436,8126452,7.54,54,0
396.5,0,0,4860,1,11019,11099,0,90436,8126452,7.54,54,0
397.5,0,0,4860,1,11019,11099,0,90436,8126452,7.54,54,0
406.5,36,0,4960,1,11050,11099,0,90436,8126452,7.54,54,0
407.5,36,0,4960,1,11050,11099,0,90436,8126452,7.54,54,0
416.5,63,0,5061,1,11039,11099,0,90436,8126452,7.54,54,0
417.5,63,0,5061,1,11039,11099,0,90436,8126452,7.54,54,0
426.6,30,0,5161,1,11039,11099,0,90436,8126452,7.54,54,0
427.6,30,0,5161,1,11039,11099,0,90436,8126452,7.54,54,0
436.6,60,0,5262,1,11020,11099,0,90436,8126452,7.54,54,0
437.6,60,0,5262,1,11020,11099,0,90436,8126452,7.54,54,0
446.7,46,0,5362,1,11023,11099,0,89920,8126452,7.54,54,0
447.7,46,0,5362,1,11023,11099,0,89920,8126452,7.54,54,0
456.7,54,0,5462,1,11018,11099,0,90436,8126452,7.53,52,0
457.7,54,0,5462,1,11018,11099,0,90436,8126452,7.53,52,0
466.7,58,0,5562,1,11021,11099,0,90220,8126452,7.53,52,0
467.7,58,0,5562,1,11021,11099,0,90220,8126452,7.53,52,0
476.8,27,0,5663,1,11021,11099,0,90436,8126452,7.53,52,0
477.8,27,0,5663,1,11021,11099,0,90436,8126452,7.53,52,0
486.8,51,0,5764,1,11024,11099,0,90436,8126452,7.53,52,0
487.8,51,0,5764,1,11024,11099,0,90436,8126452,7.53,52,0
496.9,55,0,5864,1,11018,11099,0,90436,8126452,7.53,52,0
497.9,55,0,5864,1,11018,11099,0,90436,8126452,7.53,52,0
506.9,48,0,5964,1,11019,11099,0,90436,8126452,7.53,52,0
507.9,48,0,5964,1,11019,11099,0,90436,8126452,7.53,52,0
515.9,98,0,6064,1,11017,11099,0,90160,8126452,7.53,52,0
516.9,98,0,6064,1,11017,11099,0,90160,8126452,7.53,52,0
517.9,98,0,6064,1,11017,11099,0,90160,8126452,7.53,52,0
526.0,0,0,6165,1,11034,11099,0,90160,8126452,7.53,52,0
527.0,0,0,6165,1,11034,11099,0,90160,8126452,7.53,52,0
528.0,0,0,6165,1,11034,11099,0,90160,8126452,7.53,52,0
536.0,43,0,6265,1,11039,11099,0,90436,8126452,7.53,52,0
537.0,43,0,6265,1,11039,11099,0,90436,8126452,7.53,52,0
538.0,43,0,6265,1,11039,11099,0,90436,8126452,7.53,52,0
546.1,47,0,6365,1,11036,11099,0,90436,8126452,7.53,52,0
547.1,47,0,6365,1,11036,11099,0,90436,8126452,7.53,52,0
548.1,47,0,6365,1,11036,11099,0,90436,8126452,7.53,52,0
556.1,25,0,6466,1,11020,11099,0,89920,8126452,7.53,52,0
557.1,25,0,6466,1,11020,11099,0,89920,8126452,7.53,52,0
558.1,25,0,6466,1,11020,11099,0,89920,8126452,7.53,52,0
566.1,52,0,6566,1,11029,11099,0,90436,8126452,7.53,52,0
567.1,52,0,6566,1,11029,11099,0,90436,8126452,7.53,52,0
568.2,52,0,6566,1,11029,11099,0,90436,8126452,7.53,52,0
577.2,49,0,6667,1,11039,11099,0,90436,8126452,7.53,52,0
578.2,49,0,6667,1,11039,11099,0,90436,8126452,7.52,52,0
586.2,45,0,6767,1,11024,11099,0,90436,8126452,7.52,52,0
587.2,45,0,6767,1,11024,11099,0,90436,8126452,7.52,52,0
588.2,45,0,6767,1,11024,11099,0,90436,8126452,7.52,52,0
597.3,59,0,6868,1,11023,11099,0,90436,8126452,7.53,52,0
598.3,59,0,6868,1,11023,11099,0,90436,8126452,7.53,52,0
607.3,32,0,6968,1,11037,11099,0,90436,8126452,7.53,52,0
608.3,32,0,6968,1,11037,11099,0,90436,8126452,7.53,52,0
616.3,42,0,7068,1,11020,11099,0,90436,8126452,7.52,52,0
617.3,42,0,7068,1,11020,11099,0,90436,8126452,7.52,52,0
627.4,56,0,7169,1,11018,11099,0,89920,8126452,7.53,52,0
628.4,56,0,7169,1,11018,11099,0,89920,8126452,7.52,52,0
637.4,51,0,7269,1,11020,11099,0,90436,8126452,7.52,52,0
638.4,51,0,7269,1,11020,11099,0,90436,8126452,7.52,52,0
647.5,83,0,7370,1,11017,11099,0,90436,8126452,7.52,52,0
648.5,83,0,7370,1,11017,11099,0,90436,8126452,7.52,52,0
657.5,10,0,7470,1,11038,11099,0,90436,8126452,7.52,52,0
658.5,10,0,7470,1,11038,11099,0,90436,8126452,7.52,52,0
667.5,49,0,7571,1,11019,11099,0,90436,8126452,7.52,52,0
668.5,49,0,7571,1,11019,11099,0,90436,8126452,7.52,52,0
677.6,51,0,7671,1,11020,11099,0,90436,8126452,7.52,52,0
678.6,51,0,7671,1,11020,11099,0,90436,8126452,7.52,52,0
687.6,21,0,7771,1,11042,11099,0,90436,8126452,7.52,52,0
688.6,21,0,7771,1,11042,11099,0,90436,8126452,7.52,52,0
697.7,50,0,7872,1,11018,11099,0,89620,8126452,7.52,52,0
698.7,50,0,7872,1,11018,11099,0,89620,8126452,7.52,52,0
707.7,50,0,7972,1,11021,11099,0,90436,8126452,7.52,52,0
708.7,50,0,7972,1,11021,11099,0,90436,8126452,7.52,52,0
717.7,43,0,8073,1,11037,11099,0,90436,8126452,7.51,52,0
718.7,43,0,8073,1,11037,11099,0,90436,8126452,7.52,52,0
727.8,62,0,8173,1,11038,11099,0,90436,8126452,7.52,52,0
728.8,62,0,8173,1,11038,11099,0,90436,8126452,7.52,52,0
737.8,40,0,8273,1,11031,11099,0,90436,8126452,7.52,52,0
738.8,40,0,8273,1,11031,11099,0,90436,8126452,7.52,52,0
747.8,43,0,8374,1,11056,11099,0,90436,8126452,7.51,52,0
748.9,43,0,8374,1,11056,11099,0,90436,8126452,7.51,52,0
756.9,54,0,8474,1,11060,11099,0,90436,8126452,7.52,52,0
757.9,54,0,8474,1,11060,11099,0,90436,8126452,7.52,52,0
758.9,54,0,8474,1,11060,11099,0,90436,8126452,7.51,52,0
766.9,43,0,8574,1,11042,11099,0,90436,8126452,7.51,52,0
767.9,43,0,8574,1,11042,11099,0,90436,8126452,7.51,52,0
768.9,43,0,8574,1,11042,11099,0,90436,8126452,7.51,52,0
777.0,74,0,8675,1,11020,11099,0,90436,8126452,7.51,52,0
778.0,74,0,8675,1,11020,11099,0,90436,8126452,7.51,52,0
779.0,74,0,8675,1,11020,11099,0,90436,8126452,7.51,52,0
787.0,22,0,8775,1,11025,11099,0,90436,8126452,7.52,52,0
788.0,22,0,8775,1,11025,11099,0,90436,8126452,7.52,52,0
797.0,47,0,8875,1,11020,11099,0,90436,8126452,7.51,52,0
798.1,47,0,8875,1,11020,11099,0,90436,8126452,7.51,52,0
799.1,47,0,8875,1,11020,11099,0,90436,8126452,7.51,52,0
807.1,68,0,8975,1,11018,11099,0,90436,8126452,7.51,52,0
808.1,68,0,8975,1,11018,11099,0,90436,8126452,7.51,52,0
809.1,68,0,8975,1,11018,11099,0,90436,8126452,7.51,52,0
817.1,9,0,9076,1,11038,11099,0,90436,8126452,7.51,52,0
818.1,9,0,9076,1,11038,11099,0,90436,8126452,7.51,52,0
819.1,9,0,9076,1,11038,11099,0,90436,8126452,7.51,52,0
827.2,42,0,9176,1,11036,11099,0,90436,8126452,7.51,52,0
828.2,42,0,9176,1,11036,11099,0,90436,8126452,7.51,52,0
829.2,42,0,9176,1,11036,11099,0,90436,8126452,7.51,52,0
837.2,53,0,9277,1,11020,11099,0,90436,8126452,7.51,52,0
838.3,53,0,9277,1,11020,11099,0,90436,8126452,7.51,52,0
839.3,53,0,9277,1,11020,11099,0,90436,8126452,7.51,52,0
847.3,40,0,9378,1,11019,11099,0,90436,8126452,7.51,52,0
848.3,40,0,9378,1,11019,11099,0,90436,8126452,7.51,52,0
857.3,61,0,9478,1,11038,11099,0,90436,8126452,7.51,52,0
858.3,61,0,9478,1,11038,11099,0,90436,8126452,7.51,52,0
859.3,61,0,9478,1,11038,11099,0,90436,8126452,7.51,52,0
867.4,39,0,9578,1,11022,11099,0,90436,8126452,7.51,52,0
868.4,39,0,9578,1,11022,11099,0,90436,8126452,7.51,52,0
877.4,41,0,9679,1,11020,11099,0,89620,8126452,7.51,52,0
878.4,41,0,9679,1,11020,11099,0,89620,8126452,7.51,50,0
879.4,41,0,9679,1,11020,11099,0,89620,8126452,7.51,50,0
887.5,53,0,9779,1,11020,11099,0,90436,8126452,7.51,50,0
888.5,53,0,9779,1,11020,11099,0,90436,8126452,7.51,50,0
889.5,53,0,9779,1,11020,11099,0,90436,8126452,7.51,50,0
897.5,46,0,9879,1,11020,11099,0,90436,8126452,7.51,50,0
898.5,46,0,9879,1,11020,11099,0,90436,8126452,7.51,50,0
899.5,46,0,9879,1,11020,11099,0,90436,8126452,7.51,50,0
