t0_ms,t1_ms,dt_ms,idx0,idx1,count,advance,fps,excluded
4924620,4925620,1000,251,261,325,10,10.0,0
4925620,4926620,1000,261,271,325,10,10.0,0
4926620,4927620,1000,271,281,325,10,10.0,0
4927620,4928620,1000,281,291,325,10,10.0,0
4928620,4929620,1000,291,301,325,10,10.0,0
4929620,4930620,1000,301,311,325,10,10.0,0
4930620,4931620,1000,311,321,325,10,10.0,0
4931620,4932620,1000,321,6,325,10,10.0,0
4932620,4933620,1000,6,16,325,10,10.0,0
4933620,4934620,1000,16,26,325,10,10.0,0
4934620,4935620,1000,26,36,325,10,10.0,0
4935620,4936620,1000,36,46,325,10,10.0,0
4936620,4937620,1000,46,56,325,10,10.0,0
4937620,4938620,1000,56,66,325,10,10.0,0
4938620,4939620,1000,66,76,325,10,10.0,0
4939620,4940620,1000,76,86,325,10,10.0,0
4940620,4941620,1000,86,96,325,10,10.0,0
4941620,4942620,1000,96,106,325,10,10.0,0
4942620,4943620,1000,106,116,325,10,10.0,0
4943620,4944620,1000,116,126,325,10,10.0,0
4944620,4945620,1000,126,136,325,10,10.0,0
4945620,4946620,1000,136,146,325,10,10.0,0
4946620,4947620,1000,146,156,325,10,10.0,0
4947620,4948620,1000,156,166,325,10,10.0,0
4948620,4949620,1000,166,176,325,10,10.0,0
4949620,4950620,1000,176,186,325,10,10.0,0
4950620,4951620,1000,186,196,325,10,10.0,0
4951620,4952620,1000,196,206,325,10,10.0,0
4952620,4953620,1000,206,216,325,10,10.0,0
4953620,4954620,1000,216,226,325,10,10.0,0
4954620,4955620,1000,226,236,325,10,10.0,0
4955620,4956620,1000,236,246,325,10,10.0,0
4956620,4957620,1000,246,256,325,10,10.0,0
4957620,4958620,1000,256,266,325,10,10.0,0
4958620,4959620,1000,266,276,325,10,10.0,0
4959620,4961254,1634,276,286,325,10,6.12,1
4961254,4962424,1170,286,291,325,5,4.274,1
4962424,4963564,1140,291,296,325,5,4.386,1
4963564,4964734,1170,296,302,325,6,5.128,1
4964734,4965875,1141,302,307,325,5,4.382,1
4965875,4966875,1000,307,317,325,10,10.0,0
4966875,4995754,28879,317,0,325,8,0.277,1
4995754,4996754,1000,0,10,325,10,10.0,0
4996754,4997754,1000,10,20,325,10,10.0,0
4997754,4998754,1000,20,30,325,10,10.0,0
4998754,4999754,1000,30,40,325,10,10.0,0
4999754,5000754,1000,40,50,325,10,10.0,0
5000754,5001754,1000,50,60,325,10,10.0,0
5001754,5002754,1000,60,70,325,10,10.0,0
5002754,5003754,1000,70,80,325,10,10.0,0
5003754,5004754,1000,80,90,325,10,10.0,0
5004754,5005754,1000,90,100,325,10,10.0,0
5005754,5006754,1000,100,110,325,10,10.0,0
5006754,5007754,1000,110,120,325,10,10.0,0
5007754,5008754,1000,120,130,325,10,10.0,0
5008754,5009754,1000,130,140,325,10,10.0,0
5009754,5010754,1000,140,150,325,10,10.0,0
5010754,5011754,1000,150,160,325,10,10.0,0
5011754,5012754,1000,160,170,325,10,10.0,0
5012754,5013754,1000,170,180,325,10,10.0,0
5013754,5014754,1000,180,190,325,10,10.0,0
5014754,5015754,1000,190,200,325,10,10.0,0
5015754,5016754,1000,200,210,325,10,10.0,0
5016754,5017754,1000,210,220,325,10,10.0,0
5017754,5018754,1000,220,230,325,10,10.0,0
5018754,5019754,1000,230,240,325,10,10.0,0
5019754,5020754,1000,240,250,325,10,10.0,0
5020754,5021754,1000,250,260,325,10,10.0,0
5021754,5022754,1000,260,270,325,10,10.0,0
5022754,5023754,1000,270,280,325,10,10.0,0
5023754,5024754,1000,280,290,325,10,10.0,0
5024754,5025754,1000,290,300,325,10,10.0,0
5025754,5026754,1000,300,310,325,10,10.0,0
5026754,5027754,1000,310,320,325,10,10.0,0
5027754,5028754,1000,320,5,325,10,10.0,0
5028754,5029754,1000,5,15,325,10,10.0,0
5029754,5030754,1000,15,25,325,10,10.0,0
5030754,5031754,1000,25,35,325,10,10.0,0
5031754,5032754,1000,35,45,325,10,10.0,0
5032754,5033754,1000,45,55,325,10,10.0,0
5033754,5034754,1000,55,65,325,10,10.0,0
5034754,5035754,1000,65,75,325,10,10.0,0
5035754,5036754,1000,75,85,325,10,10.0,0
5036754,5037754,1000,85,95,325,10,10.0,0
5037754,5038754,1000,95,105,325,10,10.0,0
5038754,5039754,1000,105,115,325,10,10.0,0
5039754,5040754,1000,115,125,325,10,10.0,0
5040754,5041754,1000,125,135,325,10,10.0,0
5041754,5042754,1000,135,145,325,10,10.0,0
5042754,5043754,1000,145,155,325,10,10.0,0
5043754,5044754,1000,155,165,325,10,10.0,0
5044754,5045754,1000,165,175,325,10,10.0,0
5045754,5046754,1000,175,185,325,10,10.0,0
5046754,5047754,1000,185,195,325,10,10.0,0
5047754,5048754,1000,195,205,325,10,10.0,0
5048754,5049754,1000,205,215,325,10,10.0,0
5049754,5050754,1000,215,225,325,10,10.0,0
5050754,5051754,1000,225,235,325,10,10.0,0
5051754,5052754,1000,235,245,325,10,10.0,0
5052754,5053754,1000,245,255,325,10,10.0,0
5053754,5054754,1000,255,265,325,10,10.0,0
5054754,5055754,1000,265,275,325,10,10.0,0
5055754,5056754,1000,275,285,325,10,10.0,0
5056754,5057754,1000,285,295,325,10,10.0,0
5057754,5058754,1000,295,305,325,10,10.0,0
5058754,5059754,1000,305,315,325,10,10.0,0
5059754,5060754,1000,315,0,325,10,10.0,0
5060754,5061754,1000,0,10,325,10,10.0,0
5061754,5062754,1000,10,20,325,10,10.0,0
5062754,5063754,1000,20,30,325,10,10.0,0
5063754,5064754,1000,30,40,325,10,10.0,0
5064754,5065754,1000,40,50,325,10,10.0,0
5065754,5066754,1000,50,60,325,10,10.0,0
5066754,5067754,1000,60,70,325,10,10.0,0
5067754,5068754,1000,70,80,325,10,10.0,0
5068754,5069754,1000,80,90,325,10,10.0,0
5069754,5070754,1000,90,100,325,10,10.0,0
5070754,5071754,1000,100,110,325,10,10.0,0
5071754,5072754,1000,110,120,325,10,10.0,0
5072754,5073754,1000,120,130,325,10,10.0,0
5073754,5074754,1000,130,140,325,10,10.0,0
5074754,5075754,1000,140,150,325,10,10.0,0
5075754,5076754,1000,150,160,325,10,10.0,0
5076754,5077754,1000,160,170,325,10,10.0,0
5077754,5078754,1000,170,180,325,10,10.0,0
5078754,5079754,1000,180,190,325,10,10.0,0
5079754,5080754,1000,190,200,325,10,10.0,0
5080754,5081754,1000,200,210,325,10,10.0,0
5081754,5082754,1000,210,220,325,10,10.0,0
5082754,5083754,1000,220,230,325,10,10.0,0
5083754,5084754,1000,230,240,325,10,10.0,0
5084754,5085754,1000,240,250,325,10,10.0,0
5085754,5086754,1000,250,260,325,10,10.0,0
5086754,5087754,1000,260,270,325,10,10.0,0
5087754,5088754,1000,270,280,325,10,10.0,0
5088754,5089754,1000,280,290,325,10,10.0,0
5089754,5090754,1000,290,300,325,10,10.0,0
5090754,5091754,1000,300,310,325,10,10.0,0
5091754,5092754,1000,310,320,325,10,10.0,0
5092754,5093754,1000,320,5,325,10,10.0,0
5093754,5094754,1000,5,15,325,10,10.0,0
5094754,5095754,1000,15,25,325,10,10.0,0
5095754,5096754,1000,25,35,325,10,10.0,0
5096754,5097754,1000,35,45,325,10,10.0,0
5097754,5098754,1000,45,55,325,10,10.0,0
5098754,5099754,1000,55,65,325,10,10.0,0
5099754,5100754,1000,65,75,325,10,10.0,0
5100754,5101754,1000,75,85,325,10,10.0,0
5101754,5102754,1000,85,95,325,10,10.0,0
5102754,5103754,1000,95,105,325,10,10.0,0
5103754,5104754,1000,105,115,325,10,10.0,0
5104754,5105754,1000,115,125,325,10,10.0,0
5105754,5106754,1000,125,135,325,10,10.0,0
5106754,5107754,1000,135,145,325,10,10.0,0
5107754,5108754,1000,145,155,325,10,10.0,0
5108754,5109754,1000,155,165,325,10,10.0,0
5109754,5110754,1000,165,175,325,10,10.0,0
5110754,5111754,1000,175,185,325,10,10.0,0
5111754,5112754,1000,185,195,325,10,10.0,0
5112754,5113754,1000,195,205,325,10,10.0,0
5113754,5114754,1000,205,215,325,10,10.0,0
5114754,5115754,1000,215,225,325,10,10.0,0
5115754,5116754,1000,225,235,325,10,10.0,0
5116754,5117754,1000,235,245,325,10,10.0,0
5117754,5118754,1000,245,255,325,10,10.0,0
5118754,5119754,1000,255,265,325,10,10.0,0
5119754,5120754,1000,265,275,325,10,10.0,0
5120754,5121754,1000,275,285,325,10,10.0,0
5121754,5122754,1000,285,295,325,10,10.0,0
5122754,5123754,1000,295,305,325,10,10.0,0
5123754,5124754,1000,305,315,325,10,10.0,0
5124754,5125754,1000,315,0,325,10,10.0,0
5125754,5126754,1000,0,10,325,10,10.0,0
5126754,5127754,1000,10,20,325,10,10.0,0
5127754,5128754,1000,20,30,325,10,10.0,0
5128754,5129754,1000,30,40,325,10,10.0,0
5129754,5130754,1000,40,50,325,10,10.0,0
5130754,5131754,1000,50,60,325,10,10.0,0
5131754,5132754,1000,60,70,325,10,10.0,0
5132754,5133754,1000,70,80,325,10,10.0,0
5133754,5134754,1000,80,90,325,10,10.0,0
5134754,5135754,1000,90,100,325,10,10.0,0
5135754,5136754,1000,100,110,325,10,10.0,0
5136754,5137754,1000,110,120,325,10,10.0,0
5137754,5138754,1000,120,130,325,10,10.0,0
5138754,5139754,1000,130,140,325,10,10.0,0
5139754,5140754,1000,140,150,325,10,10.0,0
5140754,5141754,1000,150,160,325,10,10.0,0
5141754,5142754,1000,160,170,325,10,10.0,0
5142754,5143754,1000,170,180,325,10,10.0,0
5143754,5144754,1000,180,190,325,10,10.0,0
5144754,5145754,1000,190,200,325,10,10.0,0
5145754,5146754,1000,200,210,325,10,10.0,0
5146754,5147754,1000,210,220,325,10,10.0,0
5147754,5148754,1000,220,230,325,10,10.0,0
5148754,5149754,1000,230,240,325,10,10.0,0
5149754,5150754,1000,240,250,325,10,10.0,0
5150754,5151754,1000,250,260,325,10,10.0,0
5151754,5152754,1000,260,270,325,10,10.0,0
5152754,5153754,1000,270,280,325,10,10.0,0
5153754,5154754,1000,280,290,325,10,10.0,0
5154754,5155754,1000,290,300,325,10,10.0,0
5155754,5156754,1000,300,310,325,10,10.0,0
5156754,5157754,1000,310,320,325,10,10.0,0
5157754,5158754,1000,320,5,325,10,10.0,0
5158754,5159754,1000,5,15,325,10,10.0,0
5159754,5160754,1000,15,25,325,10,10.0,0
5160754,5161754,1000,25,35,325,10,10.0,0
5161754,5162754,1000,35,45,325,10,10.0,0
5162754,5163754,1000,45,55,325,10,10.0,0
5163754,5164754,1000,55,65,325,10,10.0,0
5164754,5165754,1000,65,75,325,10,10.0,0
5165754,5166754,1000,75,85,325,10,10.0,0
5166754,5167754,1000,85,95,325,10,10.0,0
5167754,5168754,1000,95,105,325,10,10.0,0
5168754,5169754,1000,105,115,325,10,10.0,0
5169754,5170754,1000,115,125,325,10,10.0,0
5170754,5171754,1000,125,135,325,10,10.0,0
5171754,5172754,1000,135,145,325,10,10.0,0
5172754,5173754,1000,145,155,325,10,10.0,0
5173754,5174754,1000,155,165,325,10,10.0,0
5174754,5175754,1000,165,175,325,10,10.0,0
5175754,5176754,1000,175,185,325,10,10.0,0
5176754,5177754,1000,185,195,325,10,10.0,0
5177754,5178754,1000,195,205,325,10,10.0,0
5178754,5179754,1000,205,215,325,10,10.0,0
5179754,5180754,1000,215,225,325,10,10.0,0
5180754,5181754,1000,225,235,325,10,10.0,0
5181754,5182754,1000,235,245,325,10,10.0,0
5182754,5183754,1000,245,255,325,10,10.0,0
5183754,5184754,1000,255,265,325,10,10.0,0
5184754,5185754,1000,265,275,325,10,10.0,0
5185754,5186754,1000,275,285,325,10,10.0,0
5186754,5187754,1000,285,295,325,10,10.0,0
5187754,5188754,1000,295,305,325,10,10.0,0
5188754,5189754,1000,305,315,325,10,10.0,0
5189754,5190754,1000,315,0,325,10,10.0,0
5190754,5191754,1000,0,10,325,10,10.0,0
5191754,5192754,1000,10,20,325,10,10.0,0
5192754,5193754,1000,20,30,325,10,10.0,0
5193754,5194754,1000,30,40,325,10,10.0,0
5194754,5195754,1000,40,50,325,10,10.0,0
5195754,5196754,1000,50,60,325,10,10.0,0
5196754,5197754,1000,60,70,325,10,10.0,0
5197754,5198754,1000,70,80,325,10,10.0,0
5198754,5199754,1000,80,90,325,10,10.0,0
5199754,5200754,1000,90,100,325,10,10.0,0
5200754,5201754,1000,100,110,325,10,10.0,0
5201754,5202754,1000,110,120,325,10,10.0,0
5202754,5203754,1000,120,130,325,10,10.0,0
5203754,5204754,1000,130,140,325,10,10.0,0
5204754,5205754,1000,140,150,325,10,10.0,0
5205754,5206754,1000,150,160,325,10,10.0,0
5206754,5207754,1000,160,170,325,10,10.0,0
5207754,5208754,1000,170,180,325,10,10.0,0
5208754,5209754,1000,180,190,325,10,10.0,0
5209754,5210754,1000,190,200,325,10,10.0,0
5210754,5211754,1000,200,210,325,10,10.0,0
5211754,5212754,1000,210,220,325,10,10.0,0
5212754,5213754,1000,220,230,325,10,10.0,0
5213754,5214754,1000,230,240,325,10,10.0,0
5214754,5215754,1000,240,250,325,10,10.0,0
5215754,5216754,1000,250,260,325,10,10.0,0
5216754,5217754,1000,260,270,325,10,10.0,0
5217754,5218754,1000,270,280,325,10,10.0,0
5218754,5219754,1000,280,290,325,10,10.0,0
5219754,5220754,1000,290,300,325,10,10.0,0
5220754,5221754,1000,300,310,325,10,10.0,0
5221754,5222754,1000,310,320,325,10,10.0,0
5222754,5223754,1000,320,5,325,10,10.0,0
5223754,5224754,1000,5,15,325,10,10.0,0
5224754,5225754,1000,15,25,325,10,10.0,0
5225754,5226754,1000,25,35,325,10,10.0,0
5226754,5227754,1000,35,45,325,10,10.0,0
5227754,5228754,1000,45,55,325,10,10.0,0
5228754,5229754,1000,55,65,325,10,10.0,0
5229754,5230754,1000,65,75,325,10,10.0,0
5230754,5231754,1000,75,85,325,10,10.0,0
5231754,5232754,1000,85,95,325,10,10.0,0
5232754,5233754,1000,95,105,325,10,10.0,0
5233754,5234754,1000,105,115,325,10,10.0,0
5234754,5235754,1000,115,125,325,10,10.0,0
5235754,5236754,1000,125,135,325,10,10.0,0
5236754,5237754,1000,135,145,325,10,10.0,0
5237754,5238754,1000,145,155,325,10,10.0,0
5238754,5239754,1000,155,165,325,10,10.0,0
5239754,5240754,1000,165,175,325,10,10.0,0
5240754,5241754,1000,175,185,325,10,10.0,0
5241754,5242754,1000,185,195,325,10,10.0,0
5242754,5243754,1000,195,205,325,10,10.0,0
5243754,5244754,1000,205,215,325,10,10.0,0
5244754,5245754,1000,215,225,325,10,10.0,0
5245754,5246754,1000,225,235,325,10,10.0,0
5246754,5247754,1000,235,245,325,10,10.0,0
5247754,5248754,1000,245,255,325,10,10.0,0
5248754,5249754,1000,255,265,325,10,10.0,0
5249754,5250754,1000,265,275,325,10,10.0,0
5250754,5251754,1000,275,285,325,10,10.0,0
5251754,5252754,1000,285,295,325,10,10.0,0
5252754,5253754,1000,295,305,325,10,10.0,0
5253754,5254754,1000,305,315,325,10,10.0,0
5254754,5255754,1000,315,0,325,10,10.0,0
5255754,5256754,1000,0,10,325,10,10.0,0
5256754,5257754,1000,10,20,325,10,10.0,0
5257754,5258754,1000,20,30,325,10,10.0,0
5258754,5259754,1000,30,40,325,10,10.0,0
5259754,5260754,1000,40,50,325,10,10.0,0
5260754,5261754,1000,50,60,325,10,10.0,0
5261754,5262754,1000,60,70,325,10,10.0,0
5262754,5263754,1000,70,80,325,10,10.0,0
5263754,5264754,1000,80,90,325,10,10.0,0
5264754,5265754,1000,90,100,325,10,10.0,0
5265754,5266754,1000,100,110,325,10,10.0,0
5266754,5267754,1000,110,120,325,10,10.0,0
5267754,5268754,1000,120,130,325,10,10.0,0
5268754,5269754,1000,130,140,325,10,10.0,0
5269754,5270754,1000,140,150,325,10,10.0,0
5270754,5271754,1000,150,160,325,10,10.0,0
5271754,5272754,1000,160,170,325,10,10.0,0
5272754,5273754,1000,170,180,325,10,10.0,0
5273754,5274754,1000,180,190,325,10,10.0,0
5274754,5275754,1000,190,200,325,10,10.0,0
5275754,5276754,1000,200,210,325,10,10.0,0
5276754,5277754,1000,210,220,325,10,10.0,0
5277754,5278754,1000,220,230,325,10,10.0,0
5278754,5279754,1000,230,240,325,10,10.0,0
5279754,5280754,1000,240,250,325,10,10.0,0
5280754,5281754,1000,250,260,325,10,10.0,0
5281754,5282754,1000,260,270,325,10,10.0,0
5282754,5283754,1000,270,280,325,10,10.0,0
5283754,5284754,1000,280,290,325,10,10.0,0
5284754,5285754,1000,290,300,325,10,10.0,0
5285754,5286754,1000,300,310,325,10,10.0,0
5286754,5287754,1000,310,320,325,10,10.0,0
5287754,5288754,1000,320,5,325,10,10.0,0
5288754,5289754,1000,5,15,325,10,10.0,0
5289754,5290754,1000,15,25,325,10,10.0,0
5290754,5291754,1000,25,35,325,10,10.0,0
5291754,5292754,1000,35,45,325,10,10.0,0
5292754,5293754,1000,45,55,325,10,10.0,0
5293754,5294754,1000,55,65,325,10,10.0,0
5294754,5295754,1000,65,75,325,10,10.0,0
5295754,5296754,1000,75,85,325,10,10.0,0
5296754,5297754,1000,85,95,325,10,10.0,0
5297754,5298754,1000,95,105,325,10,10.0,0
5298754,5299754,1000,105,115,325,10,10.0,0
5299754,5300754,1000,115,125,325,10,10.0,0
5300754,5301754,1000,125,135,325,10,10.0,0
5301754,5302754,1000,135,145,325,10,10.0,0
5302754,5303754,1000,145,155,325,10,10.0,0
5303754,5304754,1000,155,165,325,10,10.0,0
5304754,5305754,1000,165,175,325,10,10.0,0
5305754,5306754,1000,175,185,325,10,10.0,0
5306754,5307754,1000,185,195,325,10,10.0,0
5307754,5308754,1000,195,205,325,10,10.0,0
5308754,5309754,1000,205,215,325,10,10.0,0
5309754,5310754,1000,215,225,325,10,10.0,0
5310754,5311754,1000,225,235,325,10,10.0,0
5311754,5312754,1000,235,245,325,10,10.0,0
5312754,5313754,1000,245,255,325,10,10.0,0
5313754,5314754,1000,255,265,325,10,10.0,0
5314754,5315754,1000,265,275,325,10,10.0,0
5315754,5316754,1000,275,285,325,10,10.0,0
5316754,5317754,1000,285,295,325,10,10.0,0
5317754,5318754,1000,295,305,325,10,10.0,0
5318754,5319754,1000,305,315,325,10,10.0,0
5319754,5320754,1000,315,0,325,10,10.0,0
5320754,5321754,1000,0,10,325,10,10.0,0
5321754,5322754,1000,10,20,325,10,10.0,0
5322754,5323754,1000,20,30,325,10,10.0,0
5323754,5324754,1000,30,40,325,10,10.0,0
5324754,5325754,1000,40,50,325,10,10.0,0
5325754,5326754,1000,50,60,325,10,10.0,0
5326754,5327754,1000,60,70,325,10,10.0,0
5327754,5328754,1000,70,80,325,10,10.0,0
5328754,5329754,1000,80,90,325,10,10.0,0
5329754,5330754,1000,90,100,325,10,10.0,0
5330754,5331754,1000,100,110,325,10,10.0,0
5331754,5332754,1000,110,120,325,10,10.0,0
5332754,5333754,1000,120,130,325,10,10.0,0
5333754,5334754,1000,130,140,325,10,10.0,0
5334754,5335754,1000,140,150,325,10,10.0,0
5335754,5336754,1000,150,160,325,10,10.0,0
5336754,5337754,1000,160,170,325,10,10.0,0
5337754,5338754,1000,170,180,325,10,10.0,0
5338754,5339754,1000,180,190,325,10,10.0,0
5339754,5340754,1000,190,200,325,10,10.0,0
5340754,5341754,1000,200,210,325,10,10.0,0
5341754,5342754,1000,210,220,325,10,10.0,0
5342754,5343754,1000,220,230,325,10,10.0,0
5343754,5344754,1000,230,240,325,10,10.0,0
5344754,5345754,1000,240,250,325,10,10.0,0
5345754,5346754,1000,250,260,325,10,10.0,0
5346754,5347754,1000,260,270,325,10,10.0,0
5347754,5348754,1000,270,280,325,10,10.0,0
5348754,5349754,1000,280,290,325,10,10.0,0
5349754,5350754,1000,290,300,325,10,10.0,0
5350754,5351754,1000,300,310,325,10,10.0,0
5351754,5352754,1000,310,320,325,10,10.0,0
5352754,5353754,1000,320,5,325,10,10.0,0
5353754,5354754,1000,5,15,325,10,10.0,0
5354754,5355754,1000,15,25,325,10,10.0,0
5355754,5356754,1000,25,35,325,10,10.0,0
5356754,5357754,1000,35,45,325,10,10.0,0
5357754,5358754,1000,45,55,325,10,10.0,0
5358754,5359754,1000,55,65,325,10,10.0,0
5359754,5360754,1000,65,75,325,10,10.0,0
5360754,5361754,1000,75,85,325,10,10.0,0
5361754,5362754,1000,85,95,325,10,10.0,0
5362754,5363754,1000,95,105,325,10,10.0,0
5363754,5364754,1000,105,115,325,10,10.0,0
5364754,5365754,1000,115,125,325,10,10.0,0
5365754,5366754,1000,125,135,325,10,10.0,0
5366754,5367754,1000,135,145,325,10,10.0,0
5367754,5368754,1000,145,155,325,10,10.0,0
5368754,5369754,1000,155,165,325,10,10.0,0
5369754,5370754,1000,165,175,325,10,10.0,0
5370754,5371754,1000,175,185,325,10,10.0,0
5371754,5372754,1000,185,195,325,10,10.0,0
5372754,5373754,1000,195,205,325,10,10.0,0
5373754,5374754,1000,205,215,325,10,10.0,0
5374754,5375754,1000,215,225,325,10,10.0,0
5375754,5376754,1000,225,235,325,10,10.0,0
5376754,5377754,1000,235,245,325,10,10.0,0
5377754,5378754,1000,245,255,325,10,10.0,0
5378754,5379754,1000,255,265,325,10,10.0,0
5379754,5380754,1000,265,275,325,10,10.0,0
5380754,5381754,1000,275,285,325,10,10.0,0
5381754,5382754,1000,285,295,325,10,10.0,0
5382754,5383754,1000,295,305,325,10,10.0,0
5383754,5384754,1000,305,315,325,10,10.0,0
5384754,5385754,1000,315,0,325,10,10.0,0
5385754,5386754,1000,0,10,325,10,10.0,0
5386754,5387754,1000,10,20,325,10,10.0,0
5387754,5388754,1000,20,30,325,10,10.0,0
5388754,5389754,1000,30,40,325,10,10.0,0
5389754,5390754,1000,40,50,325,10,10.0,0
5390754,5391754,1000,50,60,325,10,10.0,0
5391754,5392754,1000,60,70,325,10,10.0,0
5392754,5393754,1000,70,80,325,10,10.0,0
5393754,5394754,1000,80,90,325,10,10.0,0
5394754,5395754,1000,90,100,325,10,10.0,0
5395754,5396754,1000,100,110,325,10,10.0,0
5396754,5397754,1000,110,120,325,10,10.0,0
5397754,5398754,1000,120,130,325,10,10.0,0
5398754,5399754,1000,130,140,325,10,10.0,0
5399754,5400754,1000,140,150,325,10,10.0,0
5400754,5401754,1000,150,160,325,10,10.0,0
5401754,5402754,1000,160,170,325,10,10.0,0
5402754,5403754,1000,170,180,325,10,10.0,0
5403754,5404754,1000,180,190,325,10,10.0,0
5404754,5405754,1000,190,200,325,10,10.0,0
5405754,5406754,1000,200,210,325,10,10.0,0
5406754,5407754,1000,210,220,325,10,10.0,0
5407754,5408754,1000,220,230,325,10,10.0,0
5408754,5409754,1000,230,240,325,10,10.0,0
5409754,5410754,1000,240,250,325,10,10.0,0
5410754,5411754,1000,250,260,325,10,10.0,0
5411754,5412754,1000,260,270,325,10,10.0,0
5412754,5413754,1000,270,280,325,10,10.0,0
5413754,5414754,1000,280,290,325,10,10.0,0
5414754,5415754,1000,290,300,325,10,10.0,0
5415754,5416754,1000,300,310,325,10,10.0,0
5416754,5417754,1000,310,320,325,10,10.0,0
5417754,5418754,1000,320,5,325,10,10.0,0
5418754,5419754,1000,5,15,325,10,10.0,0
5419754,5420754,1000,15,25,325,10,10.0,0
5420754,5421754,1000,25,35,325,10,10.0,0
5421754,5422754,1000,35,45,325,10,10.0,0
5422754,5423754,1000,45,55,325,10,10.0,0
5423754,5424754,1000,55,65,325,10,10.0,0
5424754,5425754,1000,65,75,325,10,10.0,0
5425754,5426754,1000,75,85,325,10,10.0,0
5426754,5427754,1000,85,95,325,10,10.0,0
5427754,5428754,1000,95,105,325,10,10.0,0
5428754,5429754,1000,105,115,325,10,10.0,0
5429754,5430754,1000,115,125,325,10,10.0,0
5430754,5431754,1000,125,135,325,10,10.0,0
5431754,5432754,1000,135,145,325,10,10.0,0
5432754,5433754,1000,145,155,325,10,10.0,0
5433754,5434754,1000,155,165,325,10,10.0,0
5434754,5435754,1000,165,175,325,10,10.0,0
5435754,5436754,1000,175,185,325,10,10.0,0
5436754,5437754,1000,185,195,325,10,10.0,0
5437754,5438754,1000,195,205,325,10,10.0,0
5438754,5439754,1000,205,215,325,10,10.0,0
5439754,5440754,1000,215,225,325,10,10.0,0
5440754,5441754,1000,225,235,325,10,10.0,0
5441754,5442754,1000,235,245,325,10,10.0,0
5442754,5443754,1000,245,255,325,10,10.0,0
5443754,5444754,1000,255,265,325,10,10.0,0
5444754,5445754,1000,265,275,325,10,10.0,0
5445754,5446754,1000,275,285,325,10,10.0,0
5446754,5447754,1000,285,295,325,10,10.0,0
5447754,5448754,1000,295,305,325,10,10.0,0
5448754,5449754,1000,305,315,325,10,10.0,0
5449754,5450754,1000,315,0,325,10,10.0,0
5450754,5451754,1000,0,10,325,10,10.0,0
5451754,5452754,1000,10,20,325,10,10.0,0
5452754,5453754,1000,20,30,325,10,10.0,0
5453754,5454754,1000,30,40,325,10,10.0,0
5454754,5455754,1000,40,50,325,10,10.0,0
5455754,5456754,1000,50,60,325,10,10.0,0
5456754,5457754,1000,60,70,325,10,10.0,0
5457754,5458754,1000,70,80,325,10,10.0,0
5458754,5459754,1000,80,90,325,10,10.0,0
5459754,5460754,1000,90,100,325,10,10.0,0
5460754,5461754,1000,100,110,325,10,10.0,0
5461754,5462754,1000,110,120,325,10,10.0,0
5462754,5463754,1000,120,130,325,10,10.0,0
5463754,5464754,1000,130,140,325,10,10.0,0
5464754,5465754,1000,140,150,325,10,10.0,0
5465754,5466754,1000,150,160,325,10,10.0,0
5466754,5467754,1000,160,170,325,10,10.0,0
5467754,5468754,1000,170,180,325,10,10.0,0
5468754,5469754,1000,180,190,325,10,10.0,0
5469754,5470754,1000,190,200,325,10,10.0,0
5470754,5471754,1000,200,210,325,10,10.0,0
5471754,5472754,1000,210,220,325,10,10.0,0
5472754,5473754,1000,220,230,325,10,10.0,0
5473754,5474754,1000,230,240,325,10,10.0,0
5474754,5475754,1000,240,250,325,10,10.0,0
5475754,5476754,1000,250,260,325,10,10.0,0
5476754,5477754,1000,260,270,325,10,10.0,0
5477754,5478754,1000,270,280,325,10,10.0,0
5478754,5479754,1000,280,290,325,10,10.0,0
5479754,5480754,1000,290,300,325,10,10.0,0
5480754,5481754,1000,300,310,325,10,10.0,0
5481754,5482754,1000,310,320,325,10,10.0,0
5482754,5483754,1000,320,5,325,10,10.0,0
5483754,5484754,1000,5,15,325,10,10.0,0
5484754,5485754,1000,15,25,325,10,10.0,0
5485754,5486754,1000,25,35,325,10,10.0,0
5486754,5487754,1000,35,45,325,10,10.0,0
5487754,5488754,1000,45,55,325,10,10.0,0
5488754,5489754,1000,55,65,325,10,10.0,0
5489754,5490754,1000,65,75,325,10,10.0,0
5490754,5491754,1000,75,85,325,10,10.0,0
5491754,5492754,1000,85,95,325,10,10.0,0
5492754,5493754,1000,95,105,325,10,10.0,0
5493754,5494754,1000,105,115,325,10,10.0,0
5494754,5495754,1000,115,125,325,10,10.0,0
5495754,5496754,1000,125,135,325,10,10.0,0
5496754,5497754,1000,135,145,325,10,10.0,0
5497754,5498754,1000,145,155,325,10,10.0,0
5498754,5499754,1000,155,165,325,10,10.0,0
5499754,5500754,1000,165,175,325,10,10.0,0
5500754,5501754,1000,175,185,325,10,10.0,0
5501754,5502754,1000,185,195,325,10,10.0,0
5502754,5503754,1000,195,205,325,10,10.0,0
5503754,5504754,1000,205,215,325,10,10.0,0
5504754,5505754,1000,215,225,325,10,10.0,0
5505754,5506754,1000,225,235,325,10,10.0,0
5506754,5507754,1000,235,245,325,10,10.0,0
5507754,5508754,1000,245,255,325,10,10.0,0
5508754,5509754,1000,255,265,325,10,10.0,0
5509754,5510754,1000,265,275,325,10,10.0,0
5510754,5511754,1000,275,285,325,10,10.0,0
5511754,5512754,1000,285,295,325,10,10.0,0
5512754,5513754,1000,295,305,325,10,10.0,0
5513754,5514754,1000,305,315,325,10,10.0,0
5514754,5515754,1000,315,0,325,10,10.0,0
5515754,5516754,1000,0,10,325,10,10.0,0
5516754,5517754,1000,10,20,325,10,10.0,0
5517754,5518754,1000,20,30,325,10,10.0,0
5518754,5519754,1000,30,40,325,10,10.0,0
5519754,5520754,1000,40,50,325,10,10.0,0
5520754,5521754,1000,50,60,325,10,10.0,0
5521754,5522754,1000,60,70,325,10,10.0,0
5522754,5523754,1000,70,80,325,10,10.0,0
5523754,5524754,1000,80,90,325,10,10.0,0
5524754,5525754,1000,90,100,325,10,10.0,0
5525754,5526754,1000,100,110,325,10,10.0,0
5526754,5527754,1000,110,120,325,10,10.0,0
5527754,5528754,1000,120,130,325,10,10.0,0
5528754,5529754,1000,130,140,325,10,10.0,0
5529754,5530754,1000,140,150,325,10,10.0,0
5530754,5531754,1000,150,160,325,10,10.0,0
5531754,5532754,1000,160,170,325,10,10.0,0
5532754,5533754,1000,170,180,325,10,10.0,0
5533754,5534754,1000,180,190,325,10,10.0,0
5534754,5535754,1000,190,200,325,10,10.0,0
5535754,5536754,1000,200,210,325,10,10.0,0
5536754,5537754,1000,210,220,325,10,10.0,0
5537754,5538754,1000,220,230,325,10,10.0,0
5538754,5539754,1000,230,240,325,10,10.0,0
5539754,5540754,1000,240,250,325,10,10.0,0
5540754,5541754,1000,250,260,325,10,10.0,0
5541754,5542754,1000,260,270,325,10,10.0,0
5542754,5543754,1000,270,280,325,10,10.0,0
5543754,5544754,1000,280,290,325,10,10.0,0
5544754,5545754,1000,290,300,325,10,10.0,0
5545754,5546754,1000,300,310,325,10,10.0,0
5546754,5547754,1000,310,320,325,10,10.0,0
5547754,5548754,1000,320,5,325,10,10.0,0
5548754,5549754,1000,5,15,325,10,10.0,0
5549754,5550754,1000,15,25,325,10,10.0,0
5550754,5551754,1000,25,35,325,10,10.0,0
5551754,5552754,1000,35,45,325,10,10.0,0
5552754,5553754,1000,45,55,325,10,10.0,0
5553754,5554754,1000,55,65,325,10,10.0,0
5554754,5555754,1000,65,75,325,10,10.0,0
5555754,5556754,1000,75,85,325,10,10.0,0
5556754,5557754,1000,85,95,325,10,10.0,0
5557754,5558754,1000,95,105,325,10,10.0,0
5558754,5559754,1000,105,115,325,10,10.0,0
5559754,5560754,1000,115,125,325,10,10.0,0
5560754,5561754,1000,125,135,325,10,10.0,0
5561754,5562754,1000,135,145,325,10,10.0,0
5562754,5563754,1000,145,155,325,10,10.0,0
5563754,5564754,1000,155,165,325,10,10.0,0
5564754,5565754,1000,165,175,325,10,10.0,0
5565754,5566754,1000,175,185,325,10,10.0,0
5566754,5567754,1000,185,195,325,10,10.0,0
5567754,5568754,1000,195,205,325,10,10.0,0
5568754,5569754,1000,205,215,325,10,10.0,0
5569754,5570754,1000,215,225,325,10,10.0,0
5570754,5571754,1000,225,235,325,10,10.0,0
5571754,5572754,1000,235,245,325,10,10.0,0
5572754,5573754,1000,245,255,325,10,10.0,0
5573754,5574754,1000,255,265,325,10,10.0,0
5574754,5575754,1000,265,275,325,10,10.0,0
5575754,5576754,1000,275,285,325,10,10.0,0
5576754,5577754,1000,285,295,325,10,10.0,0
5577754,5578754,1000,295,305,325,10,10.0,0
5578754,5579754,1000,305,315,325,10,10.0,0
5579754,5580754,1000,315,0,325,10,10.0,0
5580754,5581754,1000,0,10,325,10,10.0,0
5581754,5582754,1000,10,20,325,10,10.0,0
5582754,5583754,1000,20,30,325,10,10.0,0
5583754,5584754,1000,30,40,325,10,10.0,0
5584754,5585754,1000,40,50,325,10,10.0,0
5585754,5586754,1000,50,60,325,10,10.0,0
5586754,5587754,1000,60,70,325,10,10.0,0
5587754,5588754,1000,70,80,325,10,10.0,0
5588754,5589754,1000,80,90,325,10,10.0,0
5589754,5590754,1000,90,100,325,10,10.0,0
5590754,5591754,1000,100,110,325,10,10.0,0
5591754,5592754,1000,110,120,325,10,10.0,0
5592754,5593754,1000,120,130,325,10,10.0,0
5593754,5594754,1000,130,140,325,10,10.0,0
5594754,5595754,1000,140,150,325,10,10.0,0
5595754,5596754,1000,150,160,325,10,10.0,0
5596754,5597754,1000,160,170,325,10,10.0,0
5597754,5598754,1000,170,180,325,10,10.0,0
5598754,5599754,1000,180,190,325,10,10.0,0
5599754,5600754,1000,190,200,325,10,10.0,0
5600754,5601754,1000,200,210,325,10,10.0,0
5601754,5602754,1000,210,220,325,10,10.0,0
5602754,5603754,1000,220,230,325,10,10.0,0
5603754,5604754,1000,230,240,325,10,10.0,0
5604754,5605754,1000,240,250,325,10,10.0,0
5605754,5606754,1000,250,260,325,10,10.0,0
5606754,5607754,1000,260,270,325,10,10.0,0
5607754,5608754,1000,270,280,325,10,10.0,0
5608754,5609754,1000,280,290,325,10,10.0,0
5609754,5610754,1000,290,300,325,10,10.0,0
5610754,5611754,1000,300,310,325,10,10.0,0
5611754,5612754,1000,310,320,325,10,10.0,0
5612754,5613754,1000,320,5,325,10,10.0,0
5613754,5614754,1000,5,15,325,10,10.0,0
5614754,5615754,1000,15,25,325,10,10.0,0
5615754,5616754,1000,25,35,325,10,10.0,0
5616754,5617754,1000,35,45,325,10,10.0,0
5617754,5618754,1000,45,55,325,10,10.0,0
5618754,5619754,1000,55,65,325,10,10.0,0
5619754,5620754,1000,65,75,325,10,10.0,0
5620754,5621754,1000,75,85,325,10,10.0,0
5621754,5622754,1000,85,95,325,10,10.0,0
5622754,5623754,1000,95,105,325,10,10.0,0
5623754,5624754,1000,105,115,325,10,10.0,0
5624754,5625754,1000,115,125,325,10,10.0,0
5625754,5626754,1000,125,135,325,10,10.0,0
5626754,5627754,1000,135,145,325,10,10.0,0
5627754,5628754,1000,145,155,325,10,10.0,0
5628754,5629754,1000,155,165,325,10,10.0,0
5629754,5630754,1000,165,175,325,10,10.0,0
5630754,5631754,1000,175,185,325,10,10.0,0
5631754,5632754,1000,185,195,325,10,10.0,0
5632754,5633754,1000,195,205,325,10,10.0,0
5633754,5634754,1000,205,215,325,10,10.0,0
5634754,5635754,1000,215,225,325,10,10.0,0
5635754,5636754,1000,225,235,325,10,10.0,0
5636754,5637754,1000,235,245,325,10,10.0,0
5637754,5638754,1000,245,255,325,10,10.0,0
5638754,5639754,1000,255,265,325,10,10.0,0
5639754,5640754,1000,265,275,325,10,10.0,0
5640754,5641754,1000,275,285,325,10,10.0,0
5641754,5642754,1000,285,295,325,10,10.0,0
5642754,5643754,1000,295,305,325,10,10.0,0
5643754,5644754,1000,305,315,325,10,10.0,0
5644754,5645754,1000,315,0,325,10,10.0,0
5645754,5646754,1000,0,10,325,10,10.0,0
5646754,5647754,1000,10,20,325,10,10.0,0
5647754,5648754,1000,20,30,325,10,10.0,0
5648754,5649754,1000,30,40,325,10,10.0,0
5649754,5650754,1000,40,50,325,10,10.0,0
5650754,5651754,1000,50,60,325,10,10.0,0
5651754,5652754,1000,60,70,325,10,10.0,0
5652754,5653754,1000,70,80,325,10,10.0,0
5653754,5654754,1000,80,90,325,10,10.0,0
5654754,5655754,1000,90,100,325,10,10.0,0
5655754,5656754,1000,100,110,325,10,10.0,0
5656754,5657754,1000,110,120,325,10,10.0,0
5657754,5658754,1000,120,130,325,10,10.0,0
5658754,5659754,1000,130,140,325,10,10.0,0
5659754,5660754,1000,140,150,325,10,10.0,0
5660754,5661754,1000,150,160,325,10,10.0,0
5661754,5662754,1000,160,170,325,10,10.0,0
5662754,5663754,1000,170,180,325,10,10.0,0
5663754,5664754,1000,180,190,325,10,10.0,0
5664754,5665754,1000,190,200,325,10,10.0,0
5665754,5666754,1000,200,210,325,10,10.0,0
5666754,5667754,1000,210,220,325,10,10.0,0
5667754,5668754,1000,220,230,325,10,10.0,0
5668754,5669754,1000,230,240,325,10,10.0,0
5669754,5670754,1000,240,250,325,10,10.0,0
5670754,5671754,1000,250,260,325,10,10.0,0
5671754,5672754,1000,260,270,325,10,10.0,0
5672754,5673754,1000,270,280,325,10,10.0,0
5673754,5674754,1000,280,290,325,10,10.0,0
5674754,5675754,1000,290,300,325,10,10.0,0
5675754,5676754,1000,300,310,325,10,10.0,0
5676754,5677754,1000,310,320,325,10,10.0,0
5677754,5678754,1000,320,5,325,10,10.0,0
5678754,5679754,1000,5,15,325,10,10.0,0
5679754,5680754,1000,15,25,325,10,10.0,0
5680754,5681754,1000,25,35,325,10,10.0,0
5681754,5682754,1000,35,45,325,10,10.0,0
5682754,5683754,1000,45,55,325,10,10.0,0
5683754,5684754,1000,55,65,325,10,10.0,0
5684754,5685754,1000,65,75,325,10,10.0,0
5685754,5686754,1000,75,85,325,10,10.0,0
5686754,5687754,1000,85,95,325,10,10.0,0
5687754,5688754,1000,95,105,325,10,10.0,0
5688754,5689754,1000,105,115,325,10,10.0,0
5689754,5690754,1000,115,125,325,10,10.0,0
5690754,5691754,1000,125,135,325,10,10.0,0
5691754,5692754,1000,135,145,325,10,10.0,0
5692754,5693754,1000,145,155,325,10,10.0,0
5693754,5694754,1000,155,165,325,10,10.0,0
5694754,5695754,1000,165,175,325,10,10.0,0
5695754,5696754,1000,175,185,325,10,10.0,0
5696754,5697754,1000,185,195,325,10,10.0,0
5697754,5698754,1000,195,205,325,10,10.0,0
5698754,5699754,1000,205,215,325,10,10.0,0
5699754,5700754,1000,215,225,325,10,10.0,0
5700754,5701754,1000,225,235,325,10,10.0,0
5701754,5702754,1000,235,245,325,10,10.0,0
5702754,5703754,1000,245,255,325,10,10.0,0
5703754,5704754,1000,255,265,325,10,10.0,0
5704754,5705754,1000,265,275,325,10,10.0,0
5705754,5706754,1000,275,285,325,10,10.0,0
5706754,5707754,1000,285,295,325,10,10.0,0
5707754,5708754,1000,295,305,325,10,10.0,0
5708754,5709754,1000,305,315,325,10,10.0,0
5709754,5710754,1000,315,0,325,10,10.0,0
5710754,5711754,1000,0,10,325,10,10.0,0
5711754,5712754,1000,10,20,325,10,10.0,0
5712754,5713754,1000,20,30,325,10,10.0,0
5713754,5714754,1000,30,40,325,10,10.0,0
5714754,5715754,1000,40,50,325,10,10.0,0
5715754,5716754,1000,50,60,325,10,10.0,0
5716754,5717754,1000,60,70,325,10,10.0,0
5717754,5718754,1000,70,80,325,10,10.0,0
5718754,5719754,1000,80,90,325,10,10.0,0
5719754,5720754,1000,90,100,325,10,10.0,0
5720754,5721754,1000,100,110,325,10,10.0,0
5721754,5722754,1000,110,120,325,10,10.0,0
5722754,5723754,1000,120,130,325,10,10.0,0
5723754,5724754,1000,130,140,325,10,10.0,0
5724754,5725754,1000,140,150,325,10,10.0,0
5725754,5726754,1000,150,160,325,10,10.0,0
5726754,5727754,1000,160,170,325,10,10.0,0
5727754,5728754,1000,170,180,325,10,10.0,0
5728754,5729754,1000,180,190,325,10,10.0,0
5729754,5730754,1000,190,200,325,10,10.0,0
5730754,5731754,1000,200,210,325,10,10.0,0
5731754,5732754,1000,210,220,325,10,10.0,0
5732754,5733754,1000,220,230,325,10,10.0,0
5733754,5734754,1000,230,240,325,10,10.0,0
5734754,5735754,1000,240,250,325,10,10.0,0
5735754,5736754,1000,250,260,325,10,10.0,0
5736754,5737754,1000,260,270,325,10,10.0,0
5737754,5738754,1000,270,280,325,10,10.0,0
5738754,5739754,1000,280,290,325,10,10.0,0
5739754,5740754,1000,290,300,325,10,10.0,0
5740754,5741754,1000,300,310,325,10,10.0,0
5741754,5742754,1000,310,320,325,10,10.0,0
5742754,5743754,1000,320,5,325,10,10.0,0
5743754,5744754,1000,5,15,325,10,10.0,0
5744754,5745754,1000,15,25,325,10,10.0,0
5745754,5746754,1000,25,35,325,10,10.0,0
5746754,5747754,1000,35,45,325,10,10.0,0
5747754,5748754,1000,45,55,325,10,10.0,0
5748754,5749754,1000,55,65,325,10,10.0,0
5749754,5750754,1000,65,75,325,10,10.0,0
5750754,5751754,1000,75,85,325,10,10.0,0
5751754,5752754,1000,85,95,325,10,10.0,0
5752754,5753754,1000,95,105,325,10,10.0,0
5753754,5754754,1000,105,115,325,10,10.0,0
5754754,5755754,1000,115,125,325,10,10.0,0
5755754,5756754,1000,125,135,325,10,10.0,0
5756754,5757754,1000,135,145,325,10,10.0,0
5757754,5758754,1000,145,155,325,10,10.0,0
5758754,5759754,1000,155,165,325,10,10.0,0
5759754,5760754,1000,165,175,325,10,10.0,0
5760754,5761754,1000,175,185,325,10,10.0,0
5761754,5762754,1000,185,195,325,10,10.0,0
5762754,5763754,1000,195,205,325,10,10.0,0
5763754,5764754,1000,205,215,325,10,10.0,0
5764754,5765754,1000,215,225,325,10,10.0,0
5765754,5766754,1000,225,235,325,10,10.0,0
5766754,5767754,1000,235,245,325,10,10.0,0
5767754,5768754,1000,245,255,325,10,10.0,0
5768754,5769754,1000,255,265,325,10,10.0,0
5769754,5770754,1000,265,275,325,10,10.0,0
5770754,5771754,1000,275,285,325,10,10.0,0
5771754,5772754,1000,285,295,325,10,10.0,0
5772754,5773754,1000,295,305,325,10,10.0,0
5773754,5774754,1000,305,315,325,10,10.0,0
5774754,5775754,1000,315,0,325,10,10.0,0
5775754,5776754,1000,0,10,325,10,10.0,0
5776754,5777754,1000,10,20,325,10,10.0,0
5777754,5778754,1000,20,30,325,10,10.0,0
5778754,5779754,1000,30,40,325,10,10.0,0
5779754,5780754,1000,40,50,325,10,10.0,0
5780754,5781754,1000,50,60,325,10,10.0,0
5781754,5782754,1000,60,70,325,10,10.0,0
5782754,5783754,1000,70,80,325,10,10.0,0
5783754,5784754,1000,80,90,325,10,10.0,0
5784754,5785754,1000,90,100,325,10,10.0,0
5785754,5786754,1000,100,110,325,10,10.0,0
5786754,5787754,1000,110,120,325,10,10.0,0
5787754,5788754,1000,120,130,325,10,10.0,0
5788754,5789754,1000,130,140,325,10,10.0,0
5789754,5790754,1000,140,150,325,10,10.0,0
5790754,5791754,1000,150,160,325,10,10.0,0
5791754,5792754,1000,160,170,325,10,10.0,0
5792754,5793754,1000,170,180,325,10,10.0,0
5793754,5794754,1000,180,190,325,10,10.0,0
5794754,5795754,1000,190,200,325,10,10.0,0
5795754,5796754,1000,200,210,325,10,10.0,0
5796754,5797754,1000,210,220,325,10,10.0,0
5797754,5798754,1000,220,230,325,10,10.0,0
5798754,5799754,1000,230,240,325,10,10.0,0
5799754,5800754,1000,240,250,325,10,10.0,0
5800754,5801754,1000,250,260,325,10,10.0,0
5801754,5802754,1000,260,270,325,10,10.0,0
5802754,5803754,1000,270,280,325,10,10.0,0
5803754,5804754,1000,280,290,325,10,10.0,0
5804754,5805754,1000,290,300,325,10,10.0,0
5805754,5806754,1000,300,310,325,10,10.0,0
5806754,5807754,1000,310,320,325,10,10.0,0
5807754,5808754,1000,320,5,325,10,10.0,0
5808754,5809754,1000,5,15,325,10,10.0,0
5809754,5810754,1000,15,25,325,10,10.0,0
5810754,5811754,1000,25,35,325,10,10.0,0
5811754,5812754,1000,35,45,325,10,10.0,0
5812754,5813754,1000,45,55,325,10,10.0,0
5813754,5814754,1000,55,65,325,10,10.0,0
5814754,5815754,1000,65,75,325,10,10.0,0
5815754,5816754,1000,75,85,325,10,10.0,0
5816754,5817754,1000,85,95,325,10,10.0,0
5817754,5818754,1000,95,105,325,10,10.0,0
5818754,5819754,1000,105,115,325,10,10.0,0
5819754,5820754,1000,115,125,325,10,10.0,0
5820754,5821754,1000,125,135,325,10,10.0,0
5821754,5822754,1000,135,145,325,10,10.0,0
5822754,5823754,1000,145,155,325,10,10.0,0
5823754,5824754,1000,155,165,325,10,10.0,0
5824754,5825754,1000,165,175,325,10,10.0,0
5825754,5826754,1000,175,185,325,10,10.0,0
5826754,5827754,1000,185,195,325,10,10.0,0
5827754,5828754,1000,195,205,325,10,10.0,0
5828754,5829754,1000,205,215,325,10,10.0,0
5829754,5830754,1000,215,225,325,10,10.0,0
5830754,5831754,1000,225,235,325,10,10.0,0
5831754,5832754,1000,235,245,325,10,10.0,0
5832754,5833754,1000,245,255,325,10,10.0,0
5833754,5834754,1000,255,265,325,10,10.0,0
5834754,5835754,1000,265,275,325,10,10.0,0
5835754,5836754,1000,275,285,325,10,10.0,0
5836754,5837754,1000,285,295,325,10,10.0,0
5837754,5838754,1000,295,305,325,10,10.0,0
5838754,5839754,1000,305,315,325,10,10.0,0
5839754,5840754,1000,315,0,325,10,10.0,0
5840754,5841754,1000,0,10,325,10,10.0,0
5841754,5842754,1000,10,20,325,10,10.0,0
5842754,5843754,1000,20,30,325,10,10.0,0
5843754,5844754,1000,30,40,325,10,10.0,0
5844754,5845754,1000,40,50,325,10,10.0,0
