case_id,source,preconditions,steps,expected,status,environment,evidence,actual_result,remaining_or_blocker
NAV-001,FEATURE_CASES.md:70,全新安装/清空偏好,启动 App；等待启动层完成,首屏为“控制”；底栏恰有“控制/文字/口型/演出/设置”五个同级标签；启动层最终不拦截触摸,未测试,冻结产品；iPhone SE第3代 / iOS26.5模拟器 / zh-Hans；修订定位harness；另iPhone17Pro/iOS27,evidence/frozen-baseline.log:1905#testAllTabsPortraitAndSupportedRotationScreenshots; evidence/se.log:540; evidence/ios27.log:750,部分自动化证据：五标签切换与截图通过；精确五同级首次启动、20次草稿保留、全部支持方向/键盘/sheet/iPad未覆盖；iPhone横向请求截图不证明支持横屏；testAllTabsPortraitAndSupportedRotationScreenshots=通过；五标签离线切换、发送按钮禁用、后台返回控制选择通过；不证明20次切换/草稿/全生命周期完整用例,完整原用例仍未执行；须补原文中未覆盖的UI/边界/生命周期/设备步骤，不能按子测试通过数标整例通过
NAV-002,FEATURE_CASES.md:71,`记住上次的标签页` 关闭,切到任一非控制标签；终止并重启,仍回到控制标签,未测试,冻结版待验收；按前置条件执行；环境结果见COVERAGE.md；本用例未覆盖部分仍待执行,FEATURE_CASES.md:71（仅用例定义，无运行证据）,无完整运行证据；静态设计不计通过,尚未逐步执行全部步骤/预期
NAV-003,FEATURE_CASES.md:72,`记住上次的标签页` 开启,依次选“文字”“演出”；终止重启,每次重启恢复最后选择的有效标签,未测试,冻结版待验收；按前置条件执行；环境结果见COVERAGE.md；本用例未覆盖部分仍待执行,FEATURE_CASES.md:72（仅用例定义，无运行证据）,无完整运行证据；静态设计不计通过,尚未逐步执行全部步骤/预期
NAV-004,FEATURE_CASES.md:73,可传启动参数,分别以 `control/faces/text/lipSync/lipsync/presetLive/liveVideo/video/settings/debug/connect/未知值` 启动,旧值映射到新入口；`faces→控制`、`debug/connect→设置子页`、未知值→控制；无第六标签,未测试,冻结版待验收；按前置条件执行；环境结果见COVERAGE.md；本用例未覆盖部分仍待执行,FEATURE_CASES.md:73（仅用例定义，无运行证据）,无完整运行证据；静态设计不计通过,尚未逐步执行全部步骤/预期
NAV-005,FEATURE_CASES.md:74,iOS 26.5，未连接,点底部面板附件的展开区,打开“连接”sheet；可完成关闭；主标签选择不被替换,未测试,冻结版待验收；按前置条件执行；环境结果见COVERAGE.md；本用例未覆盖部分仍待执行,FEATURE_CASES.md:74（仅用例定义，无运行证据）,无完整运行证据；静态设计不计通过,尚未逐步执行全部步骤/预期；旧入口/行号需按SNAPSHOT_DELTA.md重绑，模型通过不证明冻结UI可达
NAV-006,FEATURE_CASES.md:75,iOS 26.5，已连接,点底部面板附件；在 medium/large detent 间拖动；交互下拉关闭,打开“面板控制”sheet；两档可用，背景交互符合系统行为；关闭回到原标签,阻塞,待真机/370 LED测试板；BLE/TCP/系统权限或外设条件依用例,evidence/serial-status.txt; evidence/serial-retry.txt; 主流程DeviceHub执行记录（未落独立日志）,无完整运行证据；静态设计不计通过,实板status两次读取0字节；DeviceHub无全屏操作API且应用调用超时，未形成可执行真机/实板验收链路。不得用模拟器替代；键盘/指针例还需相应外设
NAV-007,FEATURE_CASES.md:76,iOS 17.x,打开设置,不显示 iOS 26 底部附件；设置首部提供唯一“面板控制中心”入口,阻塞,ENV-PHONE-S / iOS17.x（未安装runtime）,evidence/runtimes.json,无完整运行证据；静态设计不计通过,当前无iOS17 runtime；新系统截图不替代最低系统验收
NAV-008,FEATURE_CASES.md:77,iOS 26.5，任一前四标签，未连接/已连接各一次,点页面中的设备状态行（若该 OS 显示）；旧系统重点执行,未连接进入连接 sheet；已连接进入面板控制 sheet；均可关闭并保留草稿,阻塞,待真机/370 LED测试板；BLE/TCP/系统权限或外设条件依用例,evidence/serial-status.txt; evidence/serial-retry.txt; 主流程DeviceHub执行记录（未落独立日志）,无完整运行证据；静态设计不计通过,实板status两次读取0字节；DeviceHub无全屏操作API且应用调用超时，未形成可执行真机/实板验收链路。不得用模拟器替代；键盘/指针例还需相应外设；旧入口/行号需按SNAPSHOT_DELTA.md重绑，模型通过不证明冻结UI可达
NAV-009,FEATURE_CASES.md:78,口型运行中,切到其他标签；返回口型,麦克风立即释放；口型状态停止并闭嘴；不会在后台继续采集,阻塞,待真机/370 LED测试板；BLE/TCP/系统权限或外设条件依用例,evidence/serial-status.txt; evidence/serial-retry.txt; 主流程DeviceHub执行记录（未落独立日志）,无完整运行证据；静态设计不计通过,实板status两次读取0字节；DeviceHub无全屏操作API且应用调用超时，未形成可执行真机/实板验收链路。不得用模拟器替代；键盘/指针例还需相应外设
NAV-010,FEATURE_CASES.md:79,文字/演出/控制各有未提交草稿或当前选择,在五标签间来回切换 20 次,App 级模型保持内容；无意外重置、重复 sheet 或导航错位,未测试,冻结产品；iPhone SE第3代 / iOS26.5模拟器 / zh-Hans；修订定位harness；另iPhone17Pro/iOS27,evidence/frozen-baseline.log:1905#testAllTabsPortraitAndSupportedRotationScreenshots; evidence/se.log:540; evidence/ios27.log:750,部分自动化证据：五标签切换与截图通过；精确五同级首次启动、20次草稿保留、全部支持方向/键盘/sheet/iPad未覆盖；iPhone横向请求截图不证明支持横屏；testAllTabsPortraitAndSupportedRotationScreenshots=通过；五标签离线切换、发送按钮禁用、后台返回控制选择通过；不证明20次切换/草稿/全生命周期完整用例,完整原用例仍未执行；须补原文中未覆盖的UI/边界/生命周期/设备步骤，不能按子测试通过数标整例通过
NAV-011,FEATURE_CASES.md:80,任一活动状态,App 进入后台再回前台,口型停止；演出暂停；控制与文字草稿持久化；文字预览循环按需恢复,阻塞,冻结产品；iPhone SE第3代 / iOS26.5模拟器 / zh-Hans；修订定位harness；另iPhone17Pro/iOS27,evidence/serial-status.txt; evidence/serial-retry.txt; 主流程DeviceHub执行记录（未落独立日志）; evidence/se.log:892; evidence/ios27.log:994,无完整运行证据；静态设计不计通过；真实TextEditor输入中英日emoji换行，后台及重启恢复文字通过；速度/控制草稿/存储失败等原用例剩余步骤未测,实板status两次读取0字节；DeviceHub无全屏操作API且应用调用超时，未形成可执行真机/实板验收链路。不得用模拟器替代；键盘/指针例还需相应外设
NAV-012,FEATURE_CASES.md:81,已连接且正在自动重连/重同步,快速断开、重连、切换面板,旧重同步结果不覆盖新连接；表情、文字和控制状态属于当前连接代次,阻塞,待真机/370 LED测试板；BLE/TCP/系统权限或外设条件依用例；模型子项在SE3/iOS26.5专用模拟器完成（冻结产品+新增harness）,evidence/frozen-baseline.log:1714#testLateCompletionFromSupersededConnectCannotOverwriteNewConnection; evidence/serial-status.txt; evidence/serial-retry.txt; 主流程DeviceHub执行记录（未落独立日志）; evidence/models-retry.log:129#testUntouchedEditorAdoptsBoardFrameButEditedDraftRejectsLaterBoardFrame,部分自动化证据：底层旧connect晚完成不覆盖新transport/代次通过；ViewModel、设备名与面板库隔离未全部覆盖；testLateCompletionFromSupersededConnectCannotOverwriteNewConnection=通过；离线模型子项testUntouchedEditorAdoptsBoardFrameButEditedDraftRejectsLaterBoardFrame通过；不证明触摸/触感/UI/真实循环与面板时序,实板status两次读取0字节；DeviceHub无全屏操作API且应用调用超时，未形成可执行真机/实板验收链路。不得用模拟器替代；键盘/指针例还需相应外设
BOOT-001,FEATURE_CASES.md:82,正常动效,冷启动；录屏首帧至主界面,启动层先出现；瀑布与退场连续；退场后完全移除；主页面不“呼吸式”重排,未测试,冻结版待验收；按前置条件执行；环境结果见COVERAGE.md；本用例未覆盖部分仍待执行,FEATURE_CASES.md:82（仅用例定义，无运行证据）,无完整运行证据；静态设计不计通过,尚未逐步执行全部步骤/预期
BOOT-002,FEATURE_CASES.md:83,减少动态效果开启,冷启动与 Debug 中重播,瀑布简化；iOS 26 控制中心不用 zoom 转场；任务仍可完成,未测试,冻结版待验收；按前置条件执行；环境结果见COVERAGE.md；本用例未覆盖部分仍待执行,FEATURE_CASES.md:83（仅用例定义，无运行证据）,无完整运行证据；静态设计不计通过,尚未逐步执行全部步骤/预期
BOOT-003,FEATURE_CASES.md:84,Debug 可达,在“测试→App 工具”连续点重播两次,旧序列被取消；只保留一套启动层；最终正常结束且不发送面板数据,未测试,冻结产品；iPhone SE第3代 / iOS26.5模拟器 / zh-Hans；修订定位harness,FEATURE_CASES.md:84（仅用例定义，无运行证据）; evidence/se.log:472,无完整运行证据；静态设计不计通过；Debug CLEAR确认弹窗取消成功且本地启动动画重播结束返回Debug通过；未发送维护命令，未测连续双重播/真实清除,尚未逐步执行全部步骤/预期
CTL-001,FEATURE_CASES.md:90,未连接，实时同步关闭,在预览点按和连续划过有效 LED；划过空白区域,画笔值写入触达 LED；单笔重复经过不反复切换；空白区域不改帧；页面不随手指滚动,未测试,冻结版待验收；按前置条件执行；环境结果见COVERAGE.md；本用例未覆盖部分仍待执行；模型子项在SE3/iOS26.5专用模拟器完成（冻结产品+新增harness）,FEATURE_CASES.md:90（仅用例定义，无运行证据）; evidence/ios27.log:285#AcceptanceDefaultsTests.testRealtimeOutputIsOffForANewEditor; evidence/models-retry.log:121#testPaintWritesExplicitBrushValueAndRepeatedStrokeIsNoOp,无完整运行证据；静态设计不计通过；另有新编辑器默认livePreview关闭要求回归失败（iOS27，冻结产品加后续harness）；不等于本例手动关闭后的行为失败；离线模型子项testPaintWritesExplicitBrushValueAndRepeatedStrokeIsNoOp通过；不证明触摸/触感/UI/真实循环与面板时序,尚未逐步执行全部步骤/预期；旧入口/行号需按SNAPSHOT_DELTA.md重绑，模型通过不证明冻结UI可达
CTL-002,FEATURE_CASES.md:91,草稿有亮灯,切换“画亮/画灭”；分别在同一 LED 点按和回划,画亮只置 1，画灭只置 0；同值重复操作无变化、无多余触感,未测试,冻结版待验收；按前置条件执行；环境结果见COVERAGE.md；本用例未覆盖部分仍待执行；模型子项在SE3/iOS26.5专用模拟器完成（冻结产品+新增harness）,FEATURE_CASES.md:91（仅用例定义，无运行证据）; evidence/models-retry.log:121#testPaintWritesExplicitBrushValueAndRepeatedStrokeIsNoOp,无完整运行证据；静态设计不计通过；离线模型子项testPaintWritesExplicitBrushValueAndRepeatedStrokeIsNoOp通过；不证明触摸/触感/UI/真实循环与面板时序,尚未逐步执行全部步骤/预期
CTL-003,FEATURE_CASES.md:92,两眼内容不同,打开“双眼同步”；再编辑左右眼对应 LED,开启瞬间以左眼同步右眼；此后任一眼的有效映射成对写入；非眼部只改自身,未测试,冻结版待验收；按前置条件执行；环境结果见COVERAGE.md；本用例未覆盖部分仍待执行；模型子项在SE3/iOS26.5专用模拟器完成（冻结产品+新增harness）,FEATURE_CASES.md:92（仅用例定义，无运行证据）; evidence/models-retry.log:127#testSyncedEyePaintMirrorsTheBrushValueInBothDirections,无完整运行证据；静态设计不计通过；离线模型子项testSyncedEyePaintMirrorsTheBrushValueInBothDirections通过；不证明触摸/触感/UI/真实循环与面板时序,尚未逐步执行全部步骤/预期
CTL-004,FEATURE_CASES.md:93,部件库有效，双眼同步开启,分别选择左右眼部件,另一眼自动选择镜像部件；预览与选择态一致,未测试,冻结版待验收；按前置条件执行；环境结果见COVERAGE.md；本用例未覆盖部分仍待执行；模型子项在SE3/iOS26.5专用模拟器完成（冻结产品+新增harness）,FEATURE_CASES.md:93（仅用例定义，无运行证据）; evidence/models-retry.log:117#testEyePartSelectionStaysMirroredWhileSyncIsEnabled,无完整运行证据；静态设计不计通过；离线模型子项testEyePartSelectionStaysMirroredWhileSyncIsEnabled通过；不证明触摸/触感/UI/真实循环与面板时序,尚未逐步执行全部步骤/预期
CTL-005,FEATURE_CASES.md:94,部件库有效,逐项选择左眼、右眼、嘴、脸颊；选择 0 号空部件,每一项预览来自实际部件；被选项具可见边框/选中语义；空部件可达,未测试,冻结版待验收；按前置条件执行；环境结果见COVERAGE.md；本用例未覆盖部分仍待执行；模型子项在SE3/iOS26.5专用模拟器完成（冻结产品+新增harness）,FEATURE_CASES.md:94（仅用例定义，无运行证据）; evidence/models-retry.log:123#testSelectingEveryPartGroupRecomposesTheDisplayedFrame,无完整运行证据；静态设计不计通过；离线模型子项testSelectingEveryPartGroupRecomposesTheDisplayedFrame通过；不证明触摸/触感/UI/真实循环与面板时序,尚未逐步执行全部步骤/预期
CTL-006,FEATURE_CASES.md:95,任意草稿,依次执行“随机组合/反转/清空”,随机组合产生有效部件组合；反转所有 370 bit；清空后 0 灯；状态说明变为本地未发送,未测试,冻结版待验收；按前置条件执行；环境结果见COVERAGE.md；本用例未覆盖部分仍待执行；模型子项在SE3/iOS26.5专用模拟器完成（冻结产品+新增harness）,evidence/frozen-baseline.log:2214; evidence/models-retry.log:115#testClearInvertAndRevertRestoreTheEditingBaseline,无完整运行证据；静态设计不计通过；冻结UI组合测试失败于旧Control命令全亮可达断言，后续表情库路径未执行；不能证明本用例失败或通过；旧UI全亮查找失败归测试定位/陈旧断言，不能证实真实表情库不可达；离线模型子项testClearInvertAndRevertRestoreTheEditingBaseline通过；不证明触摸/触感/UI/真实循环与面板时序,尚未逐步执行全部步骤/预期
CTL-007,FEATURE_CASES.md:96,从已保存表情或新草稿开始,做多步编辑；点“回退到编辑起点”,按钮在有差异时启用；恢复最近加载/成功保存时的帧、部件来源和选项,未测试,冻结版待验收；按前置条件执行；环境结果见COVERAGE.md；本用例未覆盖部分仍待执行；模型子项在SE3/iOS26.5专用模拟器完成（冻结产品+新增harness）；模型子项在SE3/iOS26.5专用模拟器完成（冻结产品+新增harness）,FEATURE_CASES.md:96（仅用例定义，无运行证据）; evidence/models-retry.log:115#testClearInvertAndRevertRestoreTheEditingBaseline; evidence/models-retry.log:119#testLoadingSavedPartsFaceCreatesARevertBaselineAndNewFaceClearsIdentity,无完整运行证据；静态设计不计通过；离线模型子项testClearInvertAndRevertRestoreTheEditingBaseline通过；不证明触摸/触感/UI/真实循环与面板时序；离线模型子项testLoadingSavedPartsFaceCreatesARevertBaselineAndNewFaceClearsIdentity通过；不证明触摸/触感/UI/真实循环与面板时序,尚未逐步执行全部步骤/预期；旧入口/行号需按SNAPSHOT_DELTA.md重绑，模型通过不证明冻结UI可达
CTL-008,FEATURE_CASES.md:97,任意草稿,展开“逐灯编辑”；Stepper 到首/末 LED；观察行列；切换当前灯,范围为 1…370，无越界；行列与板型一致；按钮文案和灯状态同步,未测试,冻结版待验收；按前置条件执行；环境结果见COVERAGE.md；本用例未覆盖部分仍待执行,FEATURE_CASES.md:97（仅用例定义，无运行证据）,无完整运行证据；静态设计不计通过,尚未逐步执行全部步骤/预期；旧入口/行号需按SNAPSHOT_DELTA.md重绑，模型通过不证明冻结UI可达
CTL-009,FEATURE_CASES.md:98,控制页,双指在预览中心/边缘缩放到 3×，回缩低于 1×；缩放中单指移动,锚点保持；不露空边；最大 3×；低于 1×松手回弹；双指期间不误画灯；工具区仍可滚动,未测试,冻结版待验收；按前置条件执行；环境结果见COVERAGE.md；本用例未覆盖部分仍待执行,FEATURE_CASES.md:98（仅用例定义，无运行证据）,无完整运行证据；静态设计不计通过,尚未逐步执行全部步骤/预期；旧入口/行号需按SNAPSHOT_DELTA.md重绑，模型通过不证明冻结UI可达
CTL-010,FEATURE_CASES.md:99,未连接,查看“发送表情”与保存位置,发送禁用；仍可编辑和保存到本机；保存到当前面板禁用并有说明,失败,冻结产品；iPhone SE第3代 / iOS26.5模拟器 / zh-Hans；修订定位harness；另iPhone17Pro/iOS27,FEATURE_CASES.md:99（仅用例定义，无运行证据）; evidence/ios27.log:285#AcceptanceDefaultsTests.testRealtimeOutputIsOffForANewEditor; evidence/se.log:789; evidence/se.log:540; evidence/ios27.log:750,无完整运行证据；静态设计不计通过；另有新编辑器默认livePreview关闭要求回归失败（iOS27，冻结产品加后续harness）；不等于本例手动关闭后的行为失败；保存定位改为label BEGINSWITH保存后，按钮存在但isEnabled=false；离线本机保存要求失败；五标签离线切换、发送按钮禁用、后台返回控制选择通过；不证明20次切换/草稿/全生命周期完整用例,已执行步骤违反该原用例明确预期，判失败；其余步骤仍未测试；以冻结版入口和当前证据复验
CTL-011,FEATURE_CASES.md:100,已连接，实时同步关闭,编辑后观察面板；点“发送表情”,编辑前面板不变；点发送后显示草稿；按钮显示进行态；页脚变“最近发送成功”,阻塞,待真机/370 LED测试板；BLE/TCP/系统权限或外设条件依用例,evidence/serial-status.txt; evidence/serial-retry.txt; 主流程DeviceHub执行记录（未落独立日志）,无完整运行证据；静态设计不计通过,实板status两次读取0字节；DeviceHub无全屏操作API且应用调用超时，未形成可执行真机/实板验收链路。不得用模拟器替代；键盘/指针例还需相应外设；旧入口/行号需按SNAPSHOT_DELTA.md重绑，模型通过不证明冻结UI可达
CTL-012,FEATURE_CASES.md:101,已连接,开实时同步；快速绘制/选部件 30 次；立即切到文字发送,面板跟随最新控制草稿；队列不洪泛；文字会话接管后迟到控制响应不得覆盖文字,阻塞,待真机/370 LED测试板；BLE/TCP/系统权限或外设条件依用例,evidence/serial-status.txt; evidence/serial-retry.txt; 主流程DeviceHub执行记录（未落独立日志）; evidence/ios27.log:285#AcceptanceDefaultsTests.testRealtimeOutputIsOffForANewEditor,无完整运行证据；静态设计不计通过；另有新编辑器默认livePreview关闭要求回归失败（iOS27，冻结产品加后续harness）；不等于本例手动关闭后的行为失败,实板status两次读取0字节；DeviceHub无全屏操作API且应用调用超时，未形成可执行真机/实板验收链路。不得用模拟器替代；键盘/指针例还需相应外设；旧入口/行号需按SNAPSHOT_DELTA.md重绑，模型通过不证明冻结UI可达
CTL-013,FEATURE_CASES.md:102,已连接并发送成功,断开或切换到另一面板,“最近发送成功”不沿用到新连接；草稿仍保留,阻塞,待真机/370 LED测试板；BLE/TCP/系统权限或外设条件依用例；模型子项在SE3/iOS26.5专用模拟器完成（冻结产品+新增harness）,evidence/serial-status.txt; evidence/serial-retry.txt; 主流程DeviceHub执行记录（未落独立日志）; evidence/models-retry.log:125#testSentStateIsBoundToTheConnectionGeneration,无完整运行证据；静态设计不计通过；离线模型子项testSentStateIsBoundToTheConnectionGeneration通过；不证明触摸/触感/UI/真实循环与面板时序,实板status两次读取0字节；DeviceHub无全屏操作API且应用调用超时，未形成可执行真机/实板验收链路。不得用模拟器替代；键盘/指针例还需相应外设；旧入口/行号需按SNAPSHOT_DELTA.md重绑，模型通过不证明冻结UI可达
CTL-014,FEATURE_CASES.md:103,已编辑草稿,后台/强制终止并重启,帧、名称、部件来源及选择恢复；错误时显示“无法恢复草稿/尚未保存”且不崩溃,未测试,冻结16:35版；iPhone 17 Pro / iOS26.5 Simulator / zh-Hans；模型测试无实板,evidence/frozen-baseline.log:1730#testMissingDraftReturnsNilAndAtomicWriteCanBeReplaced,部分自动化证据：DraftStorage临时目录原子写替换通过；不证明实际控制/文字模型恢复、文件损坏与UI写失败；testMissingDraftReturnsNilAndAtomicWriteCanBeReplaced=通过,完整原用例仍未执行；须补原文中未覆盖的UI/边界/生命周期/设备步骤，不能按子测试通过数标整例通过；旧入口/行号需按SNAPSHOT_DELTA.md重绑，模型通过不证明冻结UI可达
CTL-015,FEATURE_CASES.md:104,保存 sheet,空名、全空格、有效名各一次；切换本机/当前面板；编辑现有项时切换“另存为新表情”,空名禁用；有效名保存；替换与另存逻辑符合目标库和连接代次；成功提示可进入表情库,未测试,冻结版待验收；按前置条件执行；环境结果见COVERAGE.md；本用例未覆盖部分仍待执行,FEATURE_CASES.md:104（仅用例定义，无运行证据）,无完整运行证据；静态设计不计通过,尚未逐步执行全部步骤/预期；旧入口/行号需按SNAPSHOT_DELTA.md重绑，模型通过不证明冻结UI可达
CTL-016,FEATURE_CASES.md:105,模拟部件资源不可用,打开控制,显示“部件库不可用”和原因；直接 LED 编辑、草稿保护行为不崩溃,未测试,冻结版待验收；按前置条件执行；环境结果见COVERAGE.md；本用例未覆盖部分仍待执行,FEATURE_CASES.md:105（仅用例定义，无运行证据）,无完整运行证据；静态设计不计通过,尚未逐步执行全部步骤/预期；旧入口/行号需按SNAPSHOT_DELTA.md重绑，模型通过不证明冻结UI可达
FACE-001,FEATURE_CASES.md:111,控制页,点右上“表情库”；关闭 sheet,sheet 内标题为表情库；关闭回控制且草稿不丢,未测试,冻结产品；iPhone SE第3代 / iOS26.5模拟器 / zh-Hans；修订定位harness,evidence/frozen-baseline.log:2214; evidence/se.log:758,无完整运行证据；静态设计不计通过；冻结UI组合测试失败于旧Control命令全亮可达断言，后续表情库路径未执行；不能证明本用例失败或通过；旧UI全亮查找失败归测试定位/陈旧断言，不能证实真实表情库不可达；实际经附件面板控制→管理表情进入表情库；旧全亮组合测试定位失败不再是库入口不可达证据；关闭返回/在线分支/iOS17未全测,尚未逐步执行全部步骤/预期；旧入口/行号需按SNAPSHOT_DELTA.md重绑，模型通过不证明冻结UI可达
FACE-002,FEATURE_CASES.md:112,DATA-FACE,切换“本机/当前面板”,两库独立；默认与我的表情分组；切库清空选择模式；未连接面板时显示明确空状态,失败,冻结产品；iPhone SE第3代 / iOS26.5模拟器 / zh-Hans；修订定位harness,FEATURE_CASES.md:112（仅用例定义，无运行证据）; evidence/se.log:758,无完整运行证据；静态设计不计通过；实际经面板控制→管理表情到达表情库标题，缺少本机位置；离线本机库入口要求失败,已执行步骤违反该原用例明确预期，判失败；其余步骤仍未测试；以冻结版入口和当前证据复验
FACE-003,FEATURE_CASES.md:113,DATA-FACE,搜索大小写、局部名称、无结果；清空搜索,只按名称本地标准匹配；无结果提示不混同空库；清空恢复完整列表,未测试,冻结版待验收；按前置条件执行；环境结果见COVERAGE.md；本用例未覆盖部分仍待执行,FEATURE_CASES.md:113（仅用例定义，无运行证据）,无完整运行证据；静态设计不计通过,尚未逐步执行全部步骤/预期；旧入口/行号需按SNAPSHOT_DELTA.md重绑，模型通过不证明冻结UI可达
FACE-004,FEATURE_CASES.md:114,本机库首次启动/已有持久数据各一次,打开本机库,首次合并内置默认表情；已有用户表情保留；加载失败回退默认并显示错误,未测试,冻结16:35版；iPhone 17 Pro / iOS26.5 Simulator / zh-Hans；模型测试无实板,evidence/frozen-baseline.log:1653#testSavedFaceSurvivesNewStoreAndModelInstances,部分自动化证据：真实LocalFaceStore重开恢复用户项通过；首次默认合并和加载失败UI未覆盖；testSavedFaceSurvivesNewStoreAndModelInstances=通过,完整原用例仍未执行；须补原文中未覆盖的UI/边界/生命周期/设备步骤，不能按子测试通过数标整例通过；旧入口/行号需按SNAPSHOT_DELTA.md重绑，模型通过不证明冻结UI可达
FACE-005,FEATURE_CASES.md:115,当前面板已连接,切到面板库、下拉刷新；制造读取失败再重试,显示加载态；成功显示当前代次库；失败显示重试入口/错误且不冒充空库,阻塞,待真机/370 LED测试板；BLE/TCP/系统权限或外设条件依用例,evidence/serial-status.txt; evidence/serial-retry.txt; 主流程DeviceHub执行记录（未落独立日志）,无完整运行证据；静态设计不计通过,实板status两次读取0字节；DeviceHub无全屏操作API且应用调用超时，未形成可执行真机/实板验收链路。不得用模拟器替代；键盘/指针例还需相应外设；旧入口/行号需按SNAPSHOT_DELTA.md重绑，模型通过不证明冻结UI可达
FACE-006,FEATURE_CASES.md:116,任一有效表情,打开详情,显示预览、名称、类型、位置和可用动作；预览高度受限；无隐式应用,未测试,冻结版待验收；按前置条件执行；环境结果见COVERAGE.md；本用例未覆盖部分仍待执行,FEATURE_CASES.md:116（仅用例定义，无运行证据）,无完整运行证据；静态设计不计通过,尚未逐步执行全部步骤/预期；旧入口/行号需按SNAPSHOT_DELTA.md重绑，模型通过不证明冻结UI可达
FACE-007,FEATURE_CASES.md:117,已连接；本机和面板表情各一,点详情“应用到面板”,本机项发送其帧；面板项按当前排序索引应用；输出源切手动；成功不自动进入编辑,阻塞,待真机/370 LED测试板；BLE/TCP/系统权限或外设条件依用例,evidence/serial-status.txt; evidence/serial-retry.txt; 主流程DeviceHub执行记录（未落独立日志）,无完整运行证据；静态设计不计通过,实板status两次读取0字节；DeviceHub无全屏操作API且应用调用超时，未形成可执行真机/实板验收链路。不得用模拟器替代；键盘/指针例还需相应外设；旧入口/行号需按SNAPSHOT_DELTA.md重绑，模型通过不证明冻结UI可达
FACE-008,FEATURE_CASES.md:118,未连接,打开详情/长按菜单,应用与本机→面板复制禁用；本机编辑、重命名、导出等离线操作仍可用,失败,冻结产品；iPhone SE第3代 / iOS26.5模拟器 / zh-Hans；修订定位harness,FEATURE_CASES.md:118（仅用例定义，无运行证据）; evidence/se.log:758,无完整运行证据；静态设计不计通过；实际经面板控制→管理表情到达表情库标题，缺少本机位置；离线本机库入口要求失败,已执行步骤违反该原用例明确预期，判失败；其余步骤仍未测试；以冻结版入口和当前证据复验
FACE-009,FEATURE_CASES.md:119,默认/锁定表情,查看滑动、长按、详情操作；点“编辑副本”,不出现重命名/删除；编辑以副本方式进入控制，原 ID 不作为覆盖目标,未测试,冻结16:35版；iPhone 17 Pro / iOS26.5 Simulator / zh-Hans；模型测试无实板,evidence/frozen-baseline.log:1651#testProtectedFaceCannotBeRenamedOrDeletedButCanBeCopied,部分自动化证据：锁定本机项改名/删除拒绝且副本可编辑通过；菜单隐藏与编辑路由未覆盖；testProtectedFaceCannotBeRenamedOrDeletedButCanBeCopied=通过,完整原用例仍未执行；须补原文中未覆盖的UI/边界/生命周期/设备步骤，不能按子测试通过数标整例通过；旧入口/行号需按SNAPSHOT_DELTA.md重绑，模型通过不证明冻结UI可达
FACE-010,FEATURE_CASES.md:120,可编辑本机表情,点编辑；修改；保存覆盖；再另存为新表情,sheet 关闭并回控制；标题显示编辑对象；覆盖保留 ID，另存创建新 ID,未测试,冻结版待验收；按前置条件执行；环境结果见COVERAGE.md；本用例未覆盖部分仍待执行；模型子项在SE3/iOS26.5专用模拟器完成（冻结产品+新增harness）,FEATURE_CASES.md:120（仅用例定义，无运行证据）; evidence/models-retry.log:119#testLoadingSavedPartsFaceCreatesARevertBaselineAndNewFaceClearsIdentity,无完整运行证据；静态设计不计通过；离线模型子项testLoadingSavedPartsFaceCreatesARevertBaselineAndNewFaceClearsIdentity通过；不证明触摸/触感/UI/真实循环与面板时序,尚未逐步执行全部步骤/预期；旧入口/行号需按SNAPSHOT_DELTA.md重绑，模型通过不证明冻结UI可达
FACE-011,FEATURE_CASES.md:121,可编辑面板表情，连接 A,进入编辑；切换至连接 B；保存且未选另存,不用 A 的 ID 覆盖 B；在 B 新建或要求重新选择；有清晰结果,阻塞,待真机/370 LED测试板；BLE/TCP/系统权限或外设条件依用例,evidence/serial-status.txt; evidence/serial-retry.txt; 主流程DeviceHub执行记录（未落独立日志）,无完整运行证据；静态设计不计通过,实板status两次读取0字节；DeviceHub无全屏操作API且应用调用超时，未形成可执行真机/实板验收链路。不得用模拟器替代；键盘/指针例还需相应外设；旧入口/行号需按SNAPSHOT_DELTA.md重绑，模型通过不证明冻结UI可达
FACE-012,FEATURE_CASES.md:122,可编辑项,从列表滑动与详情分别重命名；输入前后空格、空名、>64 字符,去空格、最长 64 字符；本机持久化后更新；面板错误可见；受保护项拒绝,未测试,冻结16:35版；iPhone 17 Pro / iOS26.5 Simulator / zh-Hans；模型测试无实板,evidence/frozen-baseline.log:1636#testDuplicateNamesRemainIndependentWhenOneIsEditedAndReloaded,部分自动化证据：同名不同ID持久化编辑隔离通过；字数、空名、面板错误与UI入口未覆盖；testDuplicateNamesRemainIndependentWhenOneIsEditedAndReloaded=通过,完整原用例仍未执行；须补原文中未覆盖的UI/边界/生命周期/设备步骤，不能按子测试通过数标整例通过；旧入口/行号需按SNAPSHOT_DELTA.md重绑，模型通过不证明冻结UI可达
FACE-013,FEATURE_CASES.md:123,任一有效项,“创建副本”连续执行三次,同库新增副本；命名为“副本”“副本 2”…且帧/部件信息保持,未测试,冻结版待验收；按前置条件执行；环境结果见COVERAGE.md；本用例未覆盖部分仍待执行,FEATURE_CASES.md:123（仅用例定义，无运行证据）,无完整运行证据；静态设计不计通过,尚未逐步执行全部步骤/预期；旧入口/行号需按SNAPSHOT_DELTA.md重绑，模型通过不证明冻结UI可达
FACE-014,FEATURE_CASES.md:124,已连接,本机→面板、面板→本机各复制一项,目标库新增可编辑副本；来源不变；跨库名称冲突生成稳定后缀,阻塞,待真机/370 LED测试板；BLE/TCP/系统权限或外设条件依用例,evidence/serial-status.txt; evidence/serial-retry.txt; 主流程DeviceHub执行记录（未落独立日志）,无完整运行证据；静态设计不计通过,实板status两次读取0字节；DeviceHub无全屏操作API且应用调用超时，未形成可执行真机/实板验收链路。不得用模拟器替代；键盘/指针例还需相应外设；旧入口/行号需按SNAPSHOT_DELTA.md重绑，模型通过不证明冻结UI可达
FACE-015,FEATURE_CASES.md:125,可删除本机项,删除并取消；再次删除确认；点撤销,取消无变化；确认后从列表消失并出现撤销条；撤销恢复全部数据,未测试,冻结16:35版；iPhone 17 Pro / iOS26.5 Simulator / zh-Hans；模型测试无实板,evidence/frozen-baseline.log:1642#testFailedUndoRetainsRetryAndSuccessfulRetrySurvivesRestart,部分自动化证据：撤销失败保留重试并重启恢复通过；确认取消和撤销条UI未覆盖；testFailedUndoRetainsRetryAndSuccessfulRetrySurvivesRestart=通过,完整原用例仍未执行；须补原文中未覆盖的UI/边界/生命周期/设备步骤，不能按子测试通过数标整例通过；旧入口/行号需按SNAPSHOT_DELTA.md重绑，模型通过不证明冻结UI可达
FACE-016,FEATURE_CASES.md:126,可删除面板项,删除并确认,文案明确永久删除；成功后无撤销条；失败保留项及错误,阻塞,待真机/370 LED测试板；BLE/TCP/系统权限或外设条件依用例,evidence/serial-status.txt; evidence/serial-retry.txt; 主流程DeviceHub执行记录（未落独立日志）,无完整运行证据；静态设计不计通过,实板status两次读取0字节；DeviceHub无全屏操作API且应用调用超时，未形成可执行真机/实板验收链路。不得用模拟器替代；键盘/指针例还需相应外设；旧入口/行号需按SNAPSHOT_DELTA.md重绑，模型通过不证明冻结UI可达
FACE-017,FEATURE_CASES.md:127,多选含默认和可删除项,进入选择；选多项；执行复制、导出、删除,底栏图标有可理解辅助标签；默认项不删除；成功项从选择集移除；部分失败显示成功/失败数量并保留失败项,未测试,冻结16:35版；iPhone 17 Pro / iOS26.5 Simulator / zh-Hans；模型测试无实板,evidence/frozen-baseline.log:1634#testBatchCopyReportsInvalidItemAndPersistsOnlySuccessfulCopies,部分自动化证据：合法/非法项批量复制部分失败统计及落盘通过；多选UI/导出/删除未覆盖；testBatchCopyReportsInvalidItemAndPersistsOnlySuccessfulCopies=通过,完整原用例仍未执行；须补原文中未覆盖的UI/边界/生命周期/设备步骤，不能按子测试通过数标整例通过；旧入口/行号需按SNAPSHOT_DELTA.md重绑，模型通过不证明冻结UI可达
FACE-018,FEATURE_CASES.md:128,至少 2 个用户表情,打开排序；拖动和 VoiceOver 上移/下移；取消,默认项不参与；取消放弃草稿顺序；原列表不变,未测试,冻结版待验收；按前置条件执行；环境结果见COVERAGE.md；本用例未覆盖部分仍待执行,FEATURE_CASES.md:128（仅用例定义，无运行证据）,无完整运行证据；静态设计不计通过,尚未逐步执行全部步骤/预期；旧入口/行号需按SNAPSHOT_DELTA.md重绑，模型通过不证明冻结UI可达
FACE-019,FEATURE_CASES.md:129,至少 2 个用户表情,排序后点完成；保存期间尝试下拉关闭,成功后提交完整顺序并关闭；保存期间不能交互关闭；列表变化导致草稿过期时显示错误不误提交,未测试,冻结16:35版；iPhone 17 Pro / iOS26.5 Simulator / zh-Hans；模型测试无实板,evidence/frozen-baseline.log:1640#testFailedReorderPreservesPublishedAndPersistedOrder,部分自动化证据：排序失败时发布列表及磁盘不变通过；拖动/关闭与成功提交UI未覆盖；testFailedReorderPreservesPublishedAndPersistedOrder=通过,完整原用例仍未执行；须补原文中未覆盖的UI/边界/生命周期/设备步骤，不能按子测试通过数标整例通过；旧入口/行号需按SNAPSHOT_DELTA.md重绑，模型通过不证明冻结UI可达
FACE-020,FEATURE_CASES.md:130,DATA-FACE,导出单个、所选、全部；检查 JSON,文件名安全；只含指定表情；帧可解码；不修改库,未测试,冻结16:35版；iPhone 17 Pro / iOS26.5 Simulator / zh-Hans；模型测试无实板,evidence/frozen-baseline.log:1655#testSelectedExportImportsIntoAnotherLibraryAndSurvivesRestart,部分自动化证据：所选导出/导入真实磁盘往返通过；单个/全部文件名及分享UI未覆盖；testSelectedExportImportsIntoAnotherLibraryAndSurvivesRestart=通过,完整原用例仍未执行；须补原文中未覆盖的UI/边界/生命周期/设备步骤，不能按子测试通过数标整例通过；旧入口/行号需按SNAPSHOT_DELTA.md重绑，模型通过不证明冻结UI可达
FACE-021,FEATURE_CASES.md:131,有效/无效 JSON,分别导入本机；记录导入前后,有效项作为新本机副本加入；无效/空/坏帧拒绝并保留旧库,失败,冻结16:35版；iPhone 17 Pro / iOS26.5 Simulator / zh-Hans；模型测试无实板,evidence/frozen-baseline.log:1655#testSelectedExportImportsIntoAnotherLibraryAndSurvivesRestart; evidence/frozen-baseline.log:1644#testInvalidFrameInImportRejectsWholeDocumentWithoutChangingDisk; evidence/frozen-baseline.log:1649#testOutOfRangeImportedByteIsRejectedInsteadOfChangingTheFrame; evidence/frozen-baseline.log:1638#testFailedImportLeavesExistingLibraryIntactAfterRestart,部分自动化证据：有效往返、短帧整批拒绝、写失败保原库通过；非法byte=256导入未拒绝，已确认失败反例；空JSON等其余步骤未执行；testSelectedExportImportsIntoAnotherLibraryAndSurvivesRestart=通过；testInvalidFrameInImportRejectsWholeDocumentWithoutChangingDisk=通过；testOutOfRangeImportedByteIsRejectedInsteadOfChangingTheFrame=失败；testFailedImportLeavesExistingLibraryIntactAfterRestart=通过,已执行步骤违反明确预期；其余步骤未测试，仍须补验；旧入口/行号需按SNAPSHOT_DELTA.md重绑，模型通过不证明冻结UI可达
FACE-022,FEATURE_CASES.md:132,已连接与未连接各一次,向面板导入有效文档；制造失败,未连接明确拒绝；成功后重新读取；失败时错误可见且旧库可恢复,阻塞,待真机/370 LED测试板；BLE/TCP/系统权限或外设条件依用例,evidence/serial-status.txt; evidence/serial-retry.txt; 主流程DeviceHub执行记录（未落独立日志）,无完整运行证据；静态设计不计通过,实板status两次读取0字节；DeviceHub无全屏操作API且应用调用超时，未形成可执行真机/实板验收链路。不得用模拟器替代；键盘/指针例还需相应外设；旧入口/行号需按SNAPSHOT_DELTA.md重绑，模型通过不证明冻结UI可达
FACE-023,FEATURE_CASES.md:133,面板库详情打开,断开或换板,详情变“表情已不可用”，说明可能删除/更换面板；不会操作旧 ID,阻塞,待真机/370 LED测试板；BLE/TCP/系统权限或外设条件依用例,evidence/serial-status.txt; evidence/serial-retry.txt; 主流程DeviceHub执行记录（未落独立日志）,无完整运行证据；静态设计不计通过,实板status两次读取0字节；DeviceHub无全屏操作API且应用调用超时，未形成可执行真机/实板验收链路。不得用模拟器替代；键盘/指针例还需相应外设；旧入口/行号需按SNAPSHOT_DELTA.md重绑，模型通过不证明冻结UI可达
TEXT-001,FEATURE_CASES.md:139,全新启动,打开文字；聚焦编辑器并输入/换行；点键盘“完成”,默认文字可见；占位符仅空时显示；聚焦时预览隐藏以让出空间；键盘可收起,未测试,冻结版待验收；按前置条件执行；环境结果见COVERAGE.md；本用例未覆盖部分仍待执行,FEATURE_CASES.md:139（仅用例定义，无运行证据）,无完整运行证据；静态设计不计通过,尚未逐步执行全部步骤/预期；旧入口/行号需按SNAPSHOT_DELTA.md重绑，模型通过不证明冻结UI可达
TEXT-002,FEATURE_CASES.md:140,DATA-TEXT,输入中英日、emoji、换行；观察字符/字节,可见字符计数与 UTF-8 字节分别正确；不会悄悄截断到 4096 字节,未测试,冻结版待验收；按前置条件执行；环境结果见COVERAGE.md；本用例未覆盖部分仍待执行；模型子项在SE3/iOS26.5专用模拟器完成（冻结产品+新增harness）；模型子项在SE3/iOS26.5专用模拟器完成（冻结产品+新增harness）；模型子项在SE3/iOS26.5专用模拟器完成（冻结产品+新增harness）,FEATURE_CASES.md:140（仅用例定义，无运行证据）; evidence/models-retry.log:140#testEditingMultilingualDraftPreservesEmojiAndLineBreaks; evidence/models-retry.log:142#testEditingRetainsOverByteLimitDraftAndExposesExactBoundary; evidence/models-retry.log:138#testEditingEnforcesVisibleLimitWithoutSplittingEarlierContent,无完整运行证据；静态设计不计通过；离线模型子项testEditingMultilingualDraftPreservesEmojiAndLineBreaks通过；不证明触摸/触感/UI/真实循环与面板时序；离线模型子项testEditingRetainsOverByteLimitDraftAndExposesExactBoundary通过；不证明触摸/触感/UI/真实循环与面板时序；离线模型子项testEditingEnforcesVisibleLimitWithoutSplittingEarlierContent通过；不证明触摸/触感/UI/真实循环与面板时序,尚未逐步执行全部步骤/预期
TEXT-003,FEATURE_CASES.md:141,空/全空格/超过字节上限,查看并尝试发送,主按钮禁用或返回明确错误；超限边框、字节数、说明为红色；旧播放不被新无效草稿破坏,未测试,冻结版待验收；按前置条件执行；环境结果见COVERAGE.md；本用例未覆盖部分仍待执行；模型子项在SE3/iOS26.5专用模拟器完成（冻结产品+新增harness）；模型子项在SE3/iOS26.5专用模拟器完成（冻结产品+新增harness）；模型子项在SE3/iOS26.5专用模拟器完成（冻结产品+新增harness）,FEATURE_CASES.md:141（仅用例定义，无运行证据）; evidence/models-retry.log:144#testInvalidSendDoesNotReplaceExistingBindingOrOutputOwner; evidence/models-retry.log:142#testEditingRetainsOverByteLimitDraftAndExposesExactBoundary; evidence/models-retry.log:138#testEditingEnforcesVisibleLimitWithoutSplittingEarlierContent,无完整运行证据；静态设计不计通过；离线模型子项testInvalidSendDoesNotReplaceExistingBindingOrOutputOwner通过；不证明触摸/触感/UI/真实循环与面板时序；离线模型子项testEditingRetainsOverByteLimitDraftAndExposesExactBoundary通过；不证明触摸/触感/UI/真实循环与面板时序；离线模型子项testEditingEnforcesVisibleLimitWithoutSplittingEarlierContent通过；不证明触摸/触感/UI/真实循环与面板时序,尚未逐步执行全部步骤/预期
TEXT-004,FEATURE_CASES.md:142,已连接且无绑定时间轴,输入短文；点“发送并播放”,生成/上传/启动进度可见；成功后按钮变“更新并播放”；预览开始并显示上传摘要,阻塞,待真机/370 LED测试板；BLE/TCP/系统权限或外设条件依用例,evidence/serial-status.txt; evidence/serial-retry.txt; 主流程DeviceHub执行记录（未落独立日志）,无完整运行证据；静态设计不计通过,实板status两次读取0字节；DeviceHub无全屏操作API且应用调用超时，未形成可执行真机/实板验收链路。不得用模拟器替代；键盘/指针例还需相应外设
TEXT-005,FEATURE_CASES.md:143,已有绑定时间轴,修改草稿并点“更新并播放”,新内容替换播放；上传中禁用重复提交；旧帧/迟到响应不覆盖新时间轴,阻塞,待真机/370 LED测试板；BLE/TCP/系统权限或外设条件依用例,evidence/serial-status.txt; evidence/serial-retry.txt; 主流程DeviceHub执行记录（未落独立日志）,无完整运行证据；静态设计不计通过,实板status两次读取0字节；DeviceHub无全屏操作API且应用调用超时，未形成可执行真机/实板验收链路。不得用模拟器替代；键盘/指针例还需相应外设
TEXT-006,FEATURE_CASES.md:144,正在播放,点暂停、继续、停止并清屏；快速交替暂停/继续,暂停/继续文案跟随固件状态；250 ms 锁防重复；停止后清屏并解除绑定，主按钮回发送,阻塞,待真机/370 LED测试板；BLE/TCP/系统权限或外设条件依用例,evidence/serial-status.txt; evidence/serial-retry.txt; 主流程DeviceHub执行记录（未落独立日志）,无完整运行证据；静态设计不计通过,实板status两次读取0字节；DeviceHub无全屏操作API且应用调用超时，未形成可执行真机/实板验收链路。不得用模拟器替代；键盘/指针例还需相应外设
TEXT-007,FEATURE_CASES.md:145,时间轴已绑定,展开高级详情；上一帧/下一帧,连接和绑定时启用；单步后帧号/预览同步；首尾行为符合固件且不越界,阻塞,待真机/370 LED测试板；BLE/TCP/系统权限或外设条件依用例,evidence/serial-status.txt; evidence/serial-retry.txt; 主流程DeviceHub执行记录（未落独立日志）,无完整运行证据；静态设计不计通过,实板status两次读取0字节；DeviceHub无全屏操作API且应用调用超时，未形成可执行真机/实板验收链路。不得用模拟器替代；键盘/指针例还需相应外设
TEXT-008,FEATURE_CASES.md:146,播放中,拖动速度到最小、最大及中间；快速往返,请求值按协议范围/整数显示；面板实时调速合并到最新值；实际 fps 与请求值分开显示,阻塞,待真机/370 LED测试板；BLE/TCP/系统权限或外设条件依用例,evidence/serial-status.txt; evidence/serial-retry.txt; 主流程DeviceHub执行记录（未落独立日志）,无完整运行证据；静态设计不计通过,实板status两次读取0字节；DeviceHub无全屏操作API且应用调用超时，未形成可执行真机/实板验收链路。不得用模拟器替代；键盘/指针例还需相应外设
TEXT-009,FEATURE_CASES.md:147,播放中,观察 60 秒；暂停/单步/恢复,手机预览使用面板测量速度和相位；锁定状态可为自由/微调/追赶/锁定；漂移不会持续扩大,阻塞,待真机/370 LED测试板；BLE/TCP/系统权限或外设条件依用例,evidence/serial-status.txt; evidence/serial-retry.txt; 主流程DeviceHub执行记录（未落独立日志）,无完整运行证据；静态设计不计通过,实板status两次读取0字节；DeviceHub无全屏操作API且应用调用超时，未形成可执行真机/实板验收链路。不得用模拟器替代；键盘/指针例还需相应外设
TEXT-010,FEATURE_CASES.md:148,本地有未发送草稿，面板有不同可恢复文字,连接/重连；分别点“保留草稿”“使用面板文字”,出现冲突提示；前者保留本地，后者采用面板；无静默覆盖,阻塞,待真机/370 LED测试板；BLE/TCP/系统权限或外设条件依用例；模型子项在SE3/iOS26.5专用模拟器完成（冻结产品+新增harness）,evidence/serial-status.txt; evidence/serial-retry.txt; 主流程DeviceHub执行记录（未落独立日志）; evidence/models-retry.log:134#testConflictChoicesKeepDraftOrExplicitlyAdoptBoardText,无完整运行证据；静态设计不计通过；离线模型子项testConflictChoicesKeepDraftOrExplicitlyAdoptBoardText通过；不证明触摸/触感/UI/真实循环与面板时序,实板status两次读取0字节；DeviceHub无全屏操作API且应用调用超时，未形成可执行真机/实板验收链路。不得用模拟器替代；键盘/指针例还需相应外设
TEXT-011,FEATURE_CASES.md:149,本地无编辑草稿，面板有兼容元数据,连接,自动重建时间轴、恢复面板文字/速度/帧；元数据不兼容时不伪造恢复,阻塞,待真机/370 LED测试板；BLE/TCP/系统权限或外设条件依用例,evidence/serial-status.txt; evidence/serial-retry.txt; 主流程DeviceHub执行记录（未落独立日志）,无完整运行证据；静态设计不计通过,实板status两次读取0字节；DeviceHub无全屏操作API且应用调用超时，未形成可执行真机/实板验收链路。不得用模拟器替代；键盘/指针例还需相应外设
TEXT-012,FEATURE_CASES.md:150,草稿和速度已改,后台/终止/重启,原子恢复文字和速度；错误显示但页面可继续编辑,未测试,冻结产品；iPhone SE第3代 / iOS26.5模拟器 / zh-Hans；修订定位harness；另iPhone17Pro/iOS27,evidence/frozen-baseline.log:1730#testMissingDraftReturnsNilAndAtomicWriteCanBeReplaced; evidence/se.log:892; evidence/ios27.log:994,部分自动化证据：DraftStorage临时目录原子写替换通过；不证明实际控制/文字模型恢复、文件损坏与UI写失败；testMissingDraftReturnsNilAndAtomicWriteCanBeReplaced=通过；真实TextEditor输入中英日emoji换行，后台及重启恢复文字通过；速度/控制草稿/存储失败等原用例剩余步骤未测,完整原用例仍未执行；须补原文中未覆盖的UI/边界/生命周期/设备步骤，不能按子测试通过数标整例通过
TEXT-013,FEATURE_CASES.md:151,播放中,切到控制发送、口型开始、演出播放或 Debug 发送,新输出会话接管；文字预览/绑定状态不会被迟到旧响应错误恢复；控制中心显示当前输出,阻塞,待真机/370 LED测试板；BLE/TCP/系统权限或外设条件依用例；模型子项在SE3/iOS26.5专用模拟器完成（冻结产品+新增harness）,evidence/serial-status.txt; evidence/serial-retry.txt; 主流程DeviceHub执行记录（未落独立日志）; evidence/models-retry.log:146#testReleaseOutputClearsPlaybackBindingAndPhaseButKeepsUnsentDraft,无完整运行证据；静态设计不计通过；离线模型子项testReleaseOutputClearsPlaybackBindingAndPhaseButKeepsUnsentDraft通过；不证明触摸/触感/UI/真实循环与面板时序,实板status两次读取0字节；DeviceHub无全屏操作API且应用调用超时，未形成可执行真机/实板验收链路。不得用模拟器替代；键盘/指针例还需相应外设
TEXT-014,FEATURE_CASES.md:152,播放中,断开、重连、后台前台,断开暂停本地预览循环；后台不空转；重连仅在身份/元数据一致时恢复,阻塞,待真机/370 LED测试板；BLE/TCP/系统权限或外设条件依用例；模型子项在SE3/iOS26.5专用模拟器完成（冻结产品+新增harness）,evidence/serial-status.txt; evidence/serial-retry.txt; 主流程DeviceHub执行记录（未落独立日志）; evidence/models-retry.log:136#testDisconnectedSendKeepsDraftAndDoesNotLeaveRetryLocked,无完整运行证据；静态设计不计通过；离线模型子项testDisconnectedSendKeepsDraftAndDoesNotLeaveRetryLocked通过；不证明触摸/触感/UI/真实循环与面板时序,实板status两次读取0字节；DeviceHub无全屏操作API且应用调用超时，未形成可执行真机/实板验收链路。不得用模拟器替代；键盘/指针例还需相应外设
LIP-001,FEATURE_CASES.md:158,未连接,打开口型,开始按钮禁用；说明需先连接；高级设置仍可查看,未测试,冻结版待验收；按前置条件执行；环境结果见COVERAGE.md；本用例未覆盖部分仍待执行,FEATURE_CASES.md:158（仅用例定义，无运行证据）,无完整运行证据；静态设计不计通过,尚未逐步执行全部步骤/预期
LIP-002,FEATURE_CASES.md:159,真机已连接，麦克风权限未决定,点开始；允许权限,只出现一次系统请求；只创建一条采集循环；按钮变停止；音量/元音读数出现,阻塞,待真机/370 LED测试板；BLE/TCP/系统权限或外设条件依用例,evidence/serial-status.txt; evidence/serial-retry.txt; 主流程DeviceHub执行记录（未落独立日志）,无完整运行证据；静态设计不计通过,实板status两次读取0字节；DeviceHub无全屏操作API且应用调用超时，未形成可执行真机/实板验收链路。不得用模拟器替代；键盘/指针例还需相应外设
LIP-003,FEATURE_CASES.md:160,权限请求弹出,连点开始；权限完成前切页或断线,不启动双循环；离页/断线使旧请求失效；权限回来后不偷偷开麦,阻塞,待真机/370 LED测试板；BLE/TCP/系统权限或外设条件依用例,evidence/serial-status.txt; evidence/serial-retry.txt; 主流程DeviceHub执行记录（未落独立日志）,无完整运行证据；静态设计不计通过,实板status两次读取0字节；DeviceHub无全屏操作API且应用调用超时，未形成可执行真机/实板验收链路。不得用模拟器替代；键盘/指针例还需相应外设
LIP-004,FEATURE_CASES.md:161,麦克风权限拒绝,点开始,显示拒绝说明和“打开应用设置”；无录音指示、无面板输出,阻塞,待真机/370 LED测试板；BLE/TCP/系统权限或外设条件依用例,evidence/serial-status.txt; evidence/serial-retry.txt; 主流程DeviceHub执行记录（未落独立日志）,无完整运行证据；静态设计不计通过,实板status两次读取0字节；DeviceHub无全屏操作API且应用调用超时，未形成可执行真机/实板验收链路。不得用模拟器替代；键盘/指针例还需相应外设
LIP-005,FEATURE_CASES.md:162,正在运行,发静音和 a/i/u/e/o；观察手机和面板,音量条、阈值、原始猜测与平滑结果更新；预览/面板嘴型一致；相同结果不重复发帧,阻塞,待真机/370 LED测试板；BLE/TCP/系统权限或外设条件依用例,evidence/serial-status.txt; evidence/serial-retry.txt; 主流程DeviceHub执行记录（未落独立日志）,无完整运行证据；静态设计不计通过,实板status两次读取0字节；DeviceHub无全屏操作API且应用调用超时，未形成可执行真机/实板验收链路。不得用模拟器替代；键盘/指针例还需相应外设
LIP-006,FEATURE_CASES.md:163,正在运行,点停止,始终可停止；麦克风释放、指标归零、嘴闭合；在线时向面板推闭嘴帧,阻塞,待真机/370 LED测试板；BLE/TCP/系统权限或外设条件依用例,evidence/serial-status.txt; evidence/serial-retry.txt; 主流程DeviceHub执行记录（未落独立日志）,无完整运行证据；静态设计不计通过,实板status两次读取0字节；DeviceHub无全屏操作API且应用调用超时，未形成可执行真机/实板验收链路。不得用模拟器替代；键盘/指针例还需相应外设
LIP-007,FEATURE_CASES.md:164,正在运行,断开面板,麦克风最终释放（根连接监听）；不会因按钮禁用而无法停止；错误/状态不冒充仍同步,阻塞,待真机/370 LED测试板；BLE/TCP/系统权限或外设条件依用例,evidence/serial-status.txt; evidence/serial-retry.txt; 主流程DeviceHub执行记录（未落独立日志）,无完整运行证据；静态设计不计通过,实板status两次读取0字节；DeviceHub无全屏操作API且应用调用超时，未形成可执行真机/实板验收链路。不得用模拟器替代；键盘/指针例还需相应外设
LIP-008,FEATURE_CASES.md:165,正在运行,锁屏/后台；接电话或音频会话改变,立即停止并释放麦克风；返回前台不自动重启,阻塞,待真机/370 LED测试板；BLE/TCP/系统权限或外设条件依用例,evidence/serial-status.txt; evidence/serial-retry.txt; 主流程DeviceHub执行记录（未落独立日志）,无完整运行证据；静态设计不计通过,实板status两次读取0字节；DeviceHub无全屏操作API且应用调用超时，未形成可执行真机/实板验收链路。不得用模拟器替代；键盘/指针例还需相应外设
LIP-009,FEATURE_CASES.md:166,停止状态,调灵敏度 -70/-10、刷新 10/60 Hz、防抖 1/12,数值准确、边界不可越；重启后保留；运行/校准时全部锁定,未测试,冻结版待验收；按前置条件执行；环境结果见COVERAGE.md；本用例未覆盖部分仍待执行,FEATURE_CASES.md:166（仅用例定义，无运行证据）,无完整运行证据；静态设计不计通过,尚未逐步执行全部步骤/预期
LIP-010,FEATURE_CASES.md:167,已校准至少一个元音,切换标准/男声/女声/动画模型,参考模型切换并清除旧校准；页内说明明确这一行为；无运行中切换,未测试,冻结版待验收；按前置条件执行；环境结果见COVERAGE.md；本用例未覆盖部分仍待执行,FEATURE_CASES.md:167（仅用例定义，无运行证据）,无完整运行证据；静态设计不计通过,尚未逐步执行全部步骤/预期
LIP-011,FEATURE_CASES.md:168,停止，权限允许,对单个元音点校准，持续发声约 1.5 s,进度连续；成功出现已校准标记并持久化；采集结束自动关麦,阻塞,待真机/370 LED测试板；BLE/TCP/系统权限或外设条件依用例,evidence/serial-status.txt; evidence/serial-retry.txt; 主流程DeviceHub执行记录（未落独立日志）,无完整运行证据；静态设计不计通过,实板status两次读取0字节；DeviceHub无全屏操作API且应用调用超时，未形成可执行真机/实板验收链路。不得用模拟器替代；键盘/指针例还需相应外设
LIP-012,FEATURE_CASES.md:169,正在校准,点取消；再测试声音过小,取消立即停采集并清进度；采样不足显示可行动错误，不写入坏配置,阻塞,待真机/370 LED测试板；BLE/TCP/系统权限或外设条件依用例,evidence/serial-status.txt; evidence/serial-retry.txt; 主流程DeviceHub执行记录（未落独立日志）,无完整运行证据；静态设计不计通过,实板status两次读取0字节；DeviceHub无全屏操作API且应用调用超时，未形成可执行真机/实板验收链路。不得用模拟器替代；键盘/指针例还需相应外设
LIP-013,FEATURE_CASES.md:170,麦克风权限未决定/拒绝,不先开始同步，直接校准,权限路径有明确系统请求或明确错误；不出现无反馈卡住；不残留录音,阻塞,待真机/370 LED测试板；BLE/TCP/系统权限或外设条件依用例,evidence/serial-status.txt; evidence/serial-retry.txt; 主流程DeviceHub执行记录（未落独立日志）,无完整运行证据；静态设计不计通过,实板status两次读取0字节；DeviceHub无全屏操作API且应用调用超时，未形成可执行真机/实板验收链路。不得用模拟器替代；键盘/指针例还需相应外设
LIP-014,FEATURE_CASES.md:171,已有多项校准,点“恢复默认声音模型”,运行/校准时禁用；确认执行后校准标记清空并恢复当前 preset 合成模型,未测试,冻结版待验收；按前置条件执行；环境结果见COVERAGE.md；本用例未覆盖部分仍待执行,FEATURE_CASES.md:171（仅用例定义，无运行证据）,无完整运行证据；静态设计不计通过,尚未逐步执行全部步骤/预期
LIP-015,FEATURE_CASES.md:172,部件库可用,进入“口型与造型”；分别修改静音、五元音、左右眼、脸颊,每个选择立即更新预览和选择态；非嘴部在同步期间固定；返回后设置保留,未测试,冻结版待验收；按前置条件执行；环境结果见COVERAGE.md；本用例未覆盖部分仍待执行,FEATURE_CASES.md:172（仅用例定义，无运行证据）,无完整运行证据；静态设计不计通过,尚未逐步执行全部步骤/预期
LIP-016,FEATURE_CASES.md:173,自定义口型,点恢复默认；终止重启,默认映射恢复；持久化值经过部件库清洗，不引用不存在 ID,未测试,冻结版待验收；按前置条件执行；环境结果见COVERAGE.md；本用例未覆盖部分仍待执行,FEATURE_CASES.md:173（仅用例定义，无运行证据）,无完整运行证据；静态设计不计通过,尚未逐步执行全部步骤/预期
LIVE-001,FEATURE_CASES.md:179,全新启动,打开演出,恢复上次模式；否则选择首个可载入内置演出；若没有可用选择则显示演示脚本/缺音频状态,未测试,冻结16:35版；iPhone 17 Pro / iOS26.5 Simulator / zh-Hans；模型测试无实板,evidence/frozen-baseline.log:1666#testCustomScriptAndAudioRestoreIntoANewModelInstance,部分自动化证据：独立偏好/临时文件的新模型恢复通过；页面选择/首次缺素材与模式切换步骤未覆盖；testCustomScriptAndAudioRestoreIntoANewModelInstance=通过,完整原用例仍未执行；须补原文中未覆盖的UI/边界/生命周期/设备步骤，不能按子测试通过数标整例通过
LIVE-002,FEATURE_CASES.md:180,内置目录可用,打开歌曲列表和各详情,显示标题、艺人、时长、关键帧、来源、音频状态；当前选项有非颜色选中标记,未测试,冻结版待验收；按前置条件执行；环境结果见COVERAGE.md；本用例未覆盖部分仍待执行,FEATURE_CASES.md:180（仅用例定义，无运行证据）,无完整运行证据；静态设计不计通过,尚未逐步执行全部步骤/预期；旧入口/行号需按SNAPSHOT_DELTA.md重绑，模型通过不证明冻结UI可达
LIVE-003,FEATURE_CASES.md:181,未选中的内置歌曲,点“使用此演出”,成功后回主演出页；脚本、首帧、时长和选择一致；选择持久化,未测试,冻结版待验收；按前置条件执行；环境结果见COVERAGE.md；本用例未覆盖部分仍待执行,FEATURE_CASES.md:181（仅用例定义，无运行证据）,无完整运行证据；静态设计不计通过,尚未逐步执行全部步骤/预期；旧入口/行号需按SNAPSHOT_DELTA.md重绑，模型通过不证明冻结UI可达
LIVE-004,FEATURE_CASES.md:182,选中歌曲缺音频,从主页面和详情分别导入有效音频,显示明确缺音频状态；导入验证并复制后才启用播放；该音频只关联此歌曲,未测试,冻结16:35版；iPhone 17 Pro / iOS26.5 Simulator / zh-Hans；模型测试无实板,evidence/frozen-baseline.log:1678#testImportedAudioRemainsAssociatedWithItsOwnBuiltInPerformance,部分自动化证据：歌曲音频归属隔离通过；主页面/详情两入口UI未覆盖；testImportedAudioRemainsAssociatedWithItsOwnBuiltInPerformance=通过,完整原用例仍未执行；须补原文中未覆盖的UI/边界/生命周期/设备步骤，不能按子测试通过数标整例通过；旧入口/行号需按SNAPSHOT_DELTA.md重绑，模型通过不证明冻结UI可达
LIVE-005,FEATURE_CASES.md:183,已有歌曲音频,导入损坏音频或导入期间切换歌曲,导入失败/选择改变有错误；原音频、脚本、预览保持；临时副本不成为活动素材,未测试,冻结16:35版；iPhone 17 Pro / iOS26.5 Simulator / zh-Hans；模型测试无实板,evidence/frozen-baseline.log:1690#testInvalidBuiltInAudioReplacementKeepsTheOldPerSongAssociation,部分自动化证据：损坏内置音频替换保留旧关联通过；导入期间切歌未覆盖；testInvalidBuiltInAudioReplacementKeepsTheOldPerSongAssociation=通过,完整原用例仍未执行；须补原文中未覆盖的UI/边界/生命周期/设备步骤，不能按子测试通过数标整例通过
LIVE-006,FEATURE_CASES.md:184,打开自定义演出,分别导入有效脚本和有效音频,两者独立显示；只有都有效时 `canPlay`；进入自定义模式并持久化,未测试,冻结16:35版；iPhone 17 Pro / iOS26.5 Simulator / zh-Hans；模型测试无实板,evidence/frozen-baseline.log:1692#testInvalidScriptImportKeepsThePreviouslyCommittedCustomScript; evidence/frozen-baseline.log:1684#testInvalidAudioImportKeepsThePreviouslyCommittedCustomAudio; evidence/frozen-baseline.log:1666#testCustomScriptAndAudioRestoreIntoANewModelInstance,部分自动化证据：素材事务及新模型恢复通过；文件选择器取消和UI采用路径未覆盖；testInvalidScriptImportKeepsThePreviouslyCommittedCustomScript=通过；testInvalidAudioImportKeepsThePreviouslyCommittedCustomAudio=通过；testCustomScriptAndAudioRestoreIntoANewModelInstance=通过,完整原用例仍未执行；须补原文中未覆盖的UI/边界/生命周期/设备步骤，不能按子测试通过数标整例通过；旧入口/行号需按SNAPSHOT_DELTA.md重绑，模型通过不证明冻结UI可达
LIVE-007,FEATURE_CASES.md:185,已有有效自定义素材,分别导入无效脚本、损坏音频、取消选择,显示错误；旧脚本/音频/预览/可播放状态不变,未测试,冻结16:35版；iPhone 17 Pro / iOS26.5 Simulator / zh-Hans；模型测试无实板,evidence/frozen-baseline.log:1692#testInvalidScriptImportKeepsThePreviouslyCommittedCustomScript; evidence/frozen-baseline.log:1684#testInvalidAudioImportKeepsThePreviouslyCommittedCustomAudio; evidence/frozen-baseline.log:1666#testCustomScriptAndAudioRestoreIntoANewModelInstance,部分自动化证据：素材事务及新模型恢复通过；文件选择器取消和UI采用路径未覆盖；testInvalidScriptImportKeepsThePreviouslyCommittedCustomScript=通过；testInvalidAudioImportKeepsThePreviouslyCommittedCustomAudio=通过；testCustomScriptAndAudioRestoreIntoANewModelInstance=通过,完整原用例仍未执行；须补原文中未覆盖的UI/边界/生命周期/设备步骤，不能按子测试通过数标整例通过
LIVE-008,FEATURE_CASES.md:186,当前在内置模式且保存过自定义素材,点“使用已保存的自定义演出”,恢复保存的脚本和音频；不混入当前内置歌曲音频,未测试,冻结16:35版；iPhone 17 Pro / iOS26.5 Simulator / zh-Hans；模型测试无实板,evidence/frozen-baseline.log:1666#testCustomScriptAndAudioRestoreIntoANewModelInstance,部分自动化证据：独立偏好/临时文件的新模型恢复通过；页面选择/首次缺素材与模式切换步骤未覆盖；testCustomScriptAndAudioRestoreIntoANewModelInstance=通过,完整原用例仍未执行；须补原文中未覆盖的UI/边界/生命周期/设备步骤，不能按子测试通过数标整例通过；旧入口/行号需按SNAPSHOT_DELTA.md重绑，模型通过不证明冻结UI可达
LIVE-009,FEATURE_CASES.md:187,脚本和音频有效，面板在线,点播放；观察至多个关键帧,本机音频开始；首帧立即显示并发板；后续按播放器实际位置推进；面板和预览一致,阻塞,待真机/370 LED测试板；BLE/TCP/系统权限或外设条件依用例,evidence/serial-status.txt; evidence/serial-retry.txt; 主流程DeviceHub执行记录（未落独立日志）,无完整运行证据；静态设计不计通过,实板status两次读取0字节；DeviceHub无全屏操作API且应用调用超时，未形成可执行真机/实板验收链路。不得用模拟器替代；键盘/指针例还需相应外设
LIVE-010,FEATURE_CASES.md:188,正在播放,点暂停，再点播放,暂停位置保留；恢复从同位置继续并重新同步当前帧；不从头跳转,阻塞,待真机/370 LED测试板；BLE/TCP/系统权限或外设条件依用例,evidence/serial-status.txt; evidence/serial-retry.txt; 主流程DeviceHub执行记录（未落独立日志）,无完整运行证据；静态设计不计通过,实板status两次读取0字节；DeviceHub无全屏操作API且应用调用超时，未形成可执行真机/实板验收链路。不得用模拟器替代；键盘/指针例还需相应外设
LIVE-011,FEATURE_CASES.md:189,已播放一段,点停止,音频回 0；预览回首帧；停止按钮禁用；音频会话释放,阻塞,待真机/370 LED测试板；BLE/TCP/系统权限或外设条件依用例,evidence/serial-status.txt; evidence/serial-retry.txt; 主流程DeviceHub执行记录（未落独立日志）,无完整运行证据；静态设计不计通过,实板status两次读取0字节；DeviceHub无全屏操作API且应用调用超时，未形成可执行真机/实板验收链路。不得用模拟器替代；键盘/指针例还需相应外设
LIVE-012,FEATURE_CASES.md:190,可播放,播放中和暂停时分别拖进度至首/中/尾,时间标签与位置一致；预览立即切到对应关键帧；在线且有输出租约时同步面板,阻塞,待真机/370 LED测试板；BLE/TCP/系统权限或外设条件依用例,evidence/serial-status.txt; evidence/serial-retry.txt; 主流程DeviceHub执行记录（未落独立日志）,无完整运行证据；静态设计不计通过,实板status两次读取0字节；DeviceHub无全屏操作API且应用调用超时，未形成可执行真机/实板验收链路。不得用模拟器替代；键盘/指针例还需相应外设
LIVE-013,FEATURE_CASES.md:191,循环开启/关闭各一次,播放到末尾,开启时无明显停顿回 0 并同步首帧；关闭时结束并释放会话,阻塞,待真机/370 LED测试板；BLE/TCP/系统权限或外设条件依用例,evidence/serial-status.txt; evidence/serial-retry.txt; 主流程DeviceHub执行记录（未落独立日志）,无完整运行证据；静态设计不计通过,实板status两次读取0字节；DeviceHub无全屏操作API且应用调用超时，未形成可执行真机/实板验收链路。不得用模拟器替代；键盘/指针例还需相应外设
LIVE-014,FEATURE_CASES.md:192,未连接但素材有效,点播放,本机音频与预览正常播放；显示“仅本机播放，尚未同步到面板”；无伪失败,未测试,冻结版待验收；按前置条件执行；环境结果见COVERAGE.md；本用例未覆盖部分仍待执行,FEATURE_CASES.md:192（仅用例定义，无运行证据）,无完整运行证据；静态设计不计通过,尚未逐步执行全部步骤/预期
LIVE-015,FEATURE_CASES.md:193,在线播放中,断开面板,本机音频继续；面板输出租约清空；恢复连接后不自动抢占输出,阻塞,待真机/370 LED测试板；BLE/TCP/系统权限或外设条件依用例,evidence/serial-status.txt; evidence/serial-retry.txt; 主流程DeviceHub执行记录（未落独立日志）,无完整运行证据；静态设计不计通过,实板status两次读取0字节；DeviceHub无全屏操作API且应用调用超时，未形成可执行真机/实板验收链路。不得用模拟器替代；键盘/指针例还需相应外设
LIVE-016,FEATURE_CASES.md:194,LIVE-015 状态，重新在线,点“恢复同步到面板”,显式取得新会话并从当前音频位置发送正确帧；提示消失,阻塞,待真机/370 LED测试板；BLE/TCP/系统权限或外设条件依用例,evidence/serial-status.txt; evidence/serial-retry.txt; 主流程DeviceHub执行记录（未落独立日志）,无完整运行证据；静态设计不计通过,实板status两次读取0字节；DeviceHub无全屏操作API且应用调用超时，未形成可执行真机/实板验收链路。不得用模拟器替代；键盘/指针例还需相应外设
LIVE-017,FEATURE_CASES.md:195,播放中,App 后台；模拟系统音频中断可恢复/不可恢复,后台暂停；中断按系统建议恢复或结束；用户主动暂停后不自动恢复,阻塞,待真机/370 LED测试板；BLE/TCP/系统权限或外设条件依用例,evidence/serial-status.txt; evidence/serial-retry.txt; 主流程DeviceHub执行记录（未落独立日志）,无完整运行证据；静态设计不计通过,实板status两次读取0字节；DeviceHub无全屏操作API且应用调用超时，未形成可执行真机/实板验收链路。不得用模拟器替代；键盘/指针例还需相应外设
LIVE-018,FEATURE_CASES.md:196,播放中,切到口型并开始，或 Debug/控制发送,新输出源接管；演出暂停或只保留明确的本机状态；迟到演出帧不覆盖新输出,阻塞,待真机/370 LED测试板；BLE/TCP/系统权限或外设条件依用例,evidence/serial-status.txt; evidence/serial-retry.txt; 主流程DeviceHub执行记录（未落独立日志）,无完整运行证据；静态设计不计通过,实板status两次读取0字节；DeviceHub无全屏操作API且应用调用超时，未形成可执行真机/实板验收链路。不得用模拟器替代；键盘/指针例还需相应外设
CC-001,FEATURE_CASES.md:202,未连接/连接中/重连/失败/已连接,查看附件和展开页,状态用图标+文字表达；设备名、电量、当前输出、当前表情只在数据存在时显示；无纯颜色含义,阻塞,待真机/370 LED测试板；BLE/TCP/系统权限或外设条件依用例,evidence/serial-status.txt; evidence/serial-retry.txt; 主流程DeviceHub执行记录（未落独立日志）,无完整运行证据；静态设计不计通过,实板status两次读取0字节；DeviceHub无全屏操作API且应用调用超时，未形成可执行真机/实板验收链路。不得用模拟器替代；键盘/指针例还需相应外设；旧入口/行号需按SNAPSHOT_DELTA.md重绑，模型通过不证明冻结UI可达
CC-002,FEATURE_CASES.md:203,已连接,快速拖亮度到最小/最大/中间,百分比正确；控件发送合并到最新值；2 秒内旧状态回声不拉回滑块，失败后可回到面板真值,阻塞,待真机/370 LED测试板；BLE/TCP/系统权限或外设条件依用例,evidence/serial-status.txt; evidence/serial-retry.txt; 主流程DeviceHub执行记录（未落独立日志）,无完整运行证据；静态设计不计通过,实板status两次读取0字节；DeviceHub无全屏操作API且应用调用超时，未形成可执行真机/实板验收链路。不得用模拟器替代；键盘/指针例还需相应外设；旧入口/行号需按SNAPSHOT_DELTA.md重绑，模型通过不证明冻结UI可达
CC-003,FEATURE_CASES.md:204,已连接，表情数 >0,上一个/下一个跨首尾；滚动文字运行中点切换,索引循环；滚动先停止再切表情；控制中心和面板一致,阻塞,待真机/370 LED测试板；BLE/TCP/系统权限或外设条件依用例,evidence/serial-status.txt; evidence/serial-retry.txt; 主流程DeviceHub执行记录（未落独立日志）,无完整运行证据；静态设计不计通过,实板status两次读取0字节；DeviceHub无全屏操作API且应用调用超时，未形成可执行真机/实板验收链路。不得用模拟器替代；键盘/指针例还需相应外设
CC-004,FEATURE_CASES.md:205,已连接,快速切自动/手动；观察文字、图标和面板,状态不靠颜色；新输出会话正确；失败可见并回到固件状态,阻塞,待真机/370 LED测试板；BLE/TCP/系统权限或外设条件依用例,evidence/serial-status.txt; evidence/serial-retry.txt; 主流程DeviceHub执行记录（未落独立日志）,无完整运行证据；静态设计不计通过,实板status两次读取0字节；DeviceHub无全屏操作API且应用调用超时，未形成可执行真机/实板验收链路。不得用模拟器替代；键盘/指针例还需相应外设
CC-005,FEATURE_CASES.md:206,已连接,调自动切换间隔到边界并快速往返,0.1 s 步进、协议范围夹紧；仅最新值生效；设置页摘要同步,阻塞,待真机/370 LED测试板；BLE/TCP/系统权限或外设条件依用例,evidence/serial-status.txt; evidence/serial-retry.txt; 主流程DeviceHub执行记录（未落独立日志）,无完整运行证据；静态设计不计通过,实板status两次读取0字节；DeviceHub无全屏操作API且应用调用超时，未形成可执行真机/实板验收链路。不得用模拟器替代；键盘/指针例还需相应外设
CC-006,FEATURE_CASES.md:207,已连接,通过 ColorPicker、hex、配色组/色块分别改色,颜色预览/面板/hex 同步；`#RRGGBB` 规范化；色块有 44 pt 点击区和选中勾,阻塞,待真机/370 LED测试板；BLE/TCP/系统权限或外设条件依用例,evidence/serial-status.txt; evidence/serial-retry.txt; 主流程DeviceHub执行记录（未落独立日志）,无完整运行证据；静态设计不计通过,实板status两次读取0字节；DeviceHub无全屏操作API且应用调用超时，未形成可执行真机/实板验收链路。不得用模拟器替代；键盘/指针例还需相应外设
CC-007,FEATURE_CASES.md:208,已连接,输入无效、空、半成品 hex 并提交；再改有效,编辑时不发送；无效显示格式提示；有效才提交且错误消失,阻塞,待真机/370 LED测试板；BLE/TCP/系统权限或外设条件依用例,evidence/serial-status.txt; evidence/serial-retry.txt; 主流程DeviceHub执行记录（未落独立日志）,无完整运行证据；静态设计不计通过,实板status两次读取0字节；DeviceHub无全屏操作API且应用调用超时，未形成可执行真机/实板验收链路。不得用模拟器替代；键盘/指针例还需相应外设；旧入口/行号需按SNAPSHOT_DELTA.md重绑，模型通过不证明冻结UI可达
CC-008,FEATURE_CASES.md:209,iOS 26，文字/口型/演出分别活动,查看附件；点“查看”；点暂停/停止,摘要指出活动和本机/面板同步状态；查看跳到正确标签；口型为停止，其余为暂停,阻塞,待真机/370 LED测试板；BLE/TCP/系统权限或外设条件依用例,evidence/serial-status.txt; evidence/serial-retry.txt; 主流程DeviceHub执行记录（未落独立日志）,无完整运行证据；静态设计不计通过,实板status两次读取0字节；DeviceHub无全屏操作API且应用调用超时，未形成可执行真机/实板验收链路。不得用模拟器替代；键盘/指针例还需相应外设；旧入口/行号需按SNAPSHOT_DELTA.md重绑，模型通过不证明冻结UI可达
CC-009,FEATURE_CASES.md:210,辅助功能字号,查看紧凑附件并用 VoiceOver,视觉副标题可收起且高度稳定；VoiceOver 仍读完整标题和值；查看/暂停可达,失败,冻结产品；iPhone17Pro/iOS27模拟器；en/ja AXXXL,FEATURE_CASES.md:210（仅用例定义，无运行证据）; evidence/screenshots/iphone27-en-AXXXL-tab-0.png; evidence/screenshots/iphone27-ja-AXXXL-tab-4.png; REPORT.md#DEF06,无完整运行证据；静态设计不计通过；主审与本代理实看en图：设备条摘要仅省略号，放大图标超出固定高度并挤占，违反辅助字号附件视觉稳定/操作清楚预期；未执行VoiceOver，不推断读屏失败,已执行步骤违反该原用例明确预期，判失败；其余步骤仍未测试；以冻结版入口和当前证据复验
CC-010,FEATURE_CASES.md:211,仅在产品范围确认要求控制中心提供保存入口时适用；已连接且面板有保存表情,展开控制中心，寻找“已保存的表情/管理表情/保存当前状态”,若该候选能力纳入本轮范围，已保存项可应用并可进入管理，当前控制草稿有保存入口；若未纳入则记“不适用”并引用范围结论，不据死代码判失败,未测试,冻结产品；iPhone SE第3代 / iOS26.5模拟器 / zh-Hans；修订定位harness,evidence/frozen-baseline.log:2214; evidence/se.log:758,无完整运行证据；静态设计不计通过；冻结UI组合测试失败于旧Control命令全亮可达断言，后续表情库路径未执行；不能证明本用例失败或通过；旧UI全亮查找失败归测试定位/陈旧断言，不能证实真实表情库不可达；实际经附件面板控制→管理表情进入表情库；旧全亮组合测试定位失败不再是库入口不可达证据；关闭返回/在线分支/iOS17未全测,SNAPSHOT_DELTA.md确认冻结版保存区已接入，旧候选前提失效；须按正式入口重新执行；旧入口/行号需按SNAPSHOT_DELTA.md重绑，模型通过不证明冻结UI可达
CC-011,FEATURE_CASES.md:212,仅在控制中心保存候选能力纳入范围时适用；从保存表情上下文菜单触发“编辑”,执行后关闭控制中心或切控制,控制编辑器加载该表情且有清晰导航/反馈；候选能力未纳入则记“不适用”,未测试,冻结版待验收；按前置条件执行；环境结果见COVERAGE.md；本用例未覆盖部分仍待执行,FEATURE_CASES.md:212（仅用例定义，无运行证据）,无完整运行证据；静态设计不计通过,SNAPSHOT_DELTA.md确认冻结版保存区已接入，旧候选前提失效；须按正式入口重新执行；旧入口/行号需按SNAPSHOT_DELTA.md重绑，模型通过不证明冻结UI可达
CC-012,FEATURE_CASES.md:213,已连接/未连接,点“连接设置”,两状态均可进入同一连接页；返回控制中心不重建全局草稿,阻塞,待真机/370 LED测试板；BLE/TCP/系统权限或外设条件依用例,evidence/serial-status.txt; evidence/serial-retry.txt; 主流程DeviceHub执行记录（未落独立日志）,无完整运行证据；静态设计不计通过,实板status两次读取0字节；DeviceHub无全屏操作API且应用调用超时，未形成可执行真机/实板验收链路。不得用模拟器替代；键盘/指针例还需相应外设；旧入口/行号需按SNAPSHOT_DELTA.md重绑，模型通过不证明冻结UI可达
CONN-001,FEATURE_CASES.md:219,未请求定位,打开连接页，不点读取,iPhone Wi-Fi 显示“尚未读取”；不弹定位权限；面板 SSID、App transport 分开显示,未测试,冻结版待验收；按前置条件执行；环境结果见COVERAGE.md；本用例未覆盖部分仍待执行,FEATURE_CASES.md:219（仅用例定义，无运行证据）,无完整运行证据；静态设计不计通过,尚未逐步执行全部步骤/预期；旧入口/行号需按SNAPSHOT_DELTA.md重绑，模型通过不证明冻结UI可达
CONN-002,FEATURE_CASES.md:220,定位允许且精确位置允许,点读取当前 Wi-Fi,权限只由点按触发；成功显示真实 SSID；按钮可重新读取,阻塞,待真机/370 LED测试板；BLE/TCP/系统权限或外设条件依用例,evidence/serial-status.txt; evidence/serial-retry.txt; 主流程DeviceHub执行记录（未落独立日志）,无完整运行证据；静态设计不计通过,实板status两次读取0字节；DeviceHub无全屏操作API且应用调用超时，未形成可执行真机/实板验收链路。不得用模拟器替代；键盘/指针例还需相应外设
CONN-003,FEATURE_CASES.md:221,定位拒绝/受限,点读取,显示“定位权限被拒绝”，出现手填项和未经验证说明；不显示“断网”,阻塞,待真机/370 LED测试板；BLE/TCP/系统权限或外设条件依用例,evidence/serial-status.txt; evidence/serial-retry.txt; 主流程DeviceHub执行记录（未落独立日志）,无完整运行证据；静态设计不计通过,实板status两次读取0字节；DeviceHub无全屏操作API且应用调用超时，未形成可执行真机/实板验收链路。不得用模拟器替代；键盘/指针例还需相应外设
CONN-004,FEATURE_CASES.md:222,精确位置关闭,点读取,显示需精确位置并提供手填；状态不冒充不可联网,阻塞,待真机/370 LED测试板；BLE/TCP/系统权限或外设条件依用例,evidence/serial-status.txt; evidence/serial-retry.txt; 主流程DeviceHub执行记录（未落独立日志）,无完整运行证据；静态设计不计通过,实板status两次读取0字节；DeviceHub无全屏操作API且应用调用超时，未形成可执行真机/实板验收链路。不得用模拟器替代；键盘/指针例还需相应外设
CONN-005,FEATURE_CASES.md:223,系统返回 nil SSID,点读取,显示“系统未提供名称”及歧义说明；提供手填；不推断断网,阻塞,待真机/370 LED测试板；BLE/TCP/系统权限或外设条件依用例,evidence/serial-status.txt; evidence/serial-retry.txt; 主流程DeviceHub执行记录（未落独立日志）,无完整运行证据；静态设计不计通过,实板status两次读取0字节；DeviceHub无全屏操作API且应用调用超时，未形成可执行真机/实板验收链路。不得用模拟器替代；键盘/指针例还需相应外设；旧入口/行号需按SNAPSHOT_DELTA.md重绑，模型通过不证明冻结UI可达
CONN-006,FEATURE_CASES.md:224,各连接状态/方式,观察概览,手机 SSID、板子 SSID/活动 profile/IP、实际 BLE/Wi-Fi TCP/直连 transport 各自准确；状态有文字,阻塞,待真机/370 LED测试板；BLE/TCP/系统权限或外设条件依用例,evidence/serial-status.txt; evidence/serial-retry.txt; 主流程DeviceHub执行记录（未落独立日志）,无完整运行证据；静态设计不计通过,实板status两次读取0字节；DeviceHub无全屏操作API且应用调用超时，未形成可执行真机/实板验收链路。不得用模拟器替代；键盘/指针例还需相应外设；旧入口/行号需按SNAPSHOT_DELTA.md重绑，模型通过不证明冻结UI可达
CONN-007,FEATURE_CASES.md:225,已连接,点断开,控制通道断开；概览更新；草稿保留；活动口型停、文字板输出悬置、演出按规则转本机,阻塞,待真机/370 LED测试板；BLE/TCP/系统权限或外设条件依用例,evidence/serial-status.txt; evidence/serial-retry.txt; 主流程DeviceHub执行记录（未落独立日志）,无完整运行证据；静态设计不计通过,实板status两次读取0字节；DeviceHub无全屏操作API且应用调用超时，未形成可执行真机/实板验收链路。不得用模拟器替代；键盘/指针例还需相应外设；旧入口/行号需按SNAPSHOT_DELTA.md重绑，模型通过不证明冻结UI可达
CONN-008,FEATURE_CASES.md:226,蓝牙开/关/未授权各一次,点扫描、停止；等待超时；再次扫描,只显示 RinaLink 外设；进度/停止/超时/错误清晰；可重试；不会显示 Wi-Fi 扫描为蓝牙结果,阻塞,待真机/370 LED测试板；BLE/TCP/系统权限或外设条件依用例,evidence/serial-status.txt; evidence/serial-retry.txt; 主流程DeviceHub执行记录（未落独立日志）,无完整运行证据；静态设计不计通过,实板status两次读取0字节；DeviceHub无全屏操作API且应用调用超时，未形成可执行真机/实板验收链路。不得用模拟器替代；键盘/指针例还需相应外设
CONN-009,FEATURE_CASES.md:227,至少两个 BLE 结果,用名称/UUID 筛选；点一个连接；连接中连点,过滤准确；RSSI 同时用条形和 dBm；只建立一次；成功显示已连接并保存设备,阻塞,待真机/370 LED测试板；BLE/TCP/系统权限或外设条件依用例,evidence/serial-status.txt; evidence/serial-retry.txt; 主流程DeviceHub执行记录（未落独立日志）,无完整运行证据；静态设计不计通过,实板status两次读取0字节；DeviceHub无全屏操作API且应用调用超时，未形成可执行真机/实板验收链路。不得用模拟器替代；键盘/指针例还需相应外设
CONN-010,FEATURE_CASES.md:228,Bonjour 有已解析/未解析项,点两类结果,未解析项禁用/等待；已解析使用 endpoint/host 连接并保存；不把服务显示名当主机地址,阻塞,待真机/370 LED测试板；BLE/TCP/系统权限或外设条件依用例,evidence/serial-status.txt; evidence/serial-retry.txt; 主流程DeviceHub执行记录（未落独立日志）,无完整运行证据；静态设计不计通过,实板status两次读取0字节；DeviceHub无全屏操作API且应用调用超时，未形成可执行真机/实板验收链路。不得用模拟器替代；键盘/指针例还需相应外设
CONN-011,FEATURE_CASES.md:229,可达/不可达主机,输入手动 IP/主机名、空格和空值并连接,空值禁用；trim 后连接；成功保存；失败弹可行动错误且不伪造已连接,阻塞,待真机/370 LED测试板；BLE/TCP/系统权限或外设条件依用例,evidence/serial-status.txt; evidence/serial-retry.txt; 主流程DeviceHub执行记录（未落独立日志）,无完整运行证据；静态设计不计通过,实板status两次读取0字节；DeviceHub无全屏操作API且应用调用超时，未形成可执行真机/实板验收链路。不得用模拟器替代；键盘/指针例还需相应外设；旧入口/行号需按SNAPSHOT_DELTA.md重绑，模型通过不证明冻结UI可达
CONN-012,FEATURE_CASES.md:230,已有 BLE/Wi-Fi/直连/个人热点保存项,点各项重连；制造缺地址；左滑移除,按偏好 transport 重连；失败显示具体原因；缺地址要求重扫；移除不删除板端凭据,阻塞,待真机/370 LED测试板；BLE/TCP/系统权限或外设条件依用例,evidence/serial-status.txt; evidence/serial-retry.txt; 主流程DeviceHub执行记录（未落独立日志）,无完整运行证据；静态设计不计通过,实板status两次读取0字节；DeviceHub无全屏操作API且应用调用超时，未形成可执行真机/实板验收链路。不得用模拟器替代；键盘/指针例还需相应外设；旧入口/行号需按SNAPSHOT_DELTA.md重绑，模型通过不证明冻结UI可达
CONN-013,FEATURE_CASES.md:231,启动前已有最后设备,冷启动，分别测试 BLE/Wi-Fi/hotspot 保存项,每次启动最多自动重连一次；使用正确偏好；失败不循环创建连接,阻塞,待真机/370 LED测试板；BLE/TCP/系统权限或外设条件依用例,evidence/serial-status.txt; evidence/serial-retry.txt; 主流程DeviceHub执行记录（未落独立日志）,无完整运行证据；静态设计不计通过,实板status两次读取0字节；DeviceHub无全屏操作API且应用调用超时，未形成可执行真机/实板验收链路。不得用模拟器替代；键盘/指针例还需相应外设；旧入口/行号需按SNAPSHOT_DELTA.md重绑，模型通过不证明冻结UI可达
CONN-014,FEATURE_CASES.md:232,先以 BLE 连接面板,让面板扫描家庭 Wi-Fi,按钮仅连接时启用；列表明确来自面板；加密项有锁和 RSSI；App 不声称扫描 iPhone 周围网络,阻塞,待真机/370 LED测试板；BLE/TCP/系统权限或外设条件依用例,evidence/serial-status.txt; evidence/serial-retry.txt; 主流程DeviceHub执行记录（未落独立日志）,无完整运行证据；静态设计不计通过,实板status两次读取0字节；DeviceHub无全屏操作API且应用调用超时，未形成可执行真机/实板验收链路。不得用模拟器替代；键盘/指针例还需相应外设；旧入口/行号需按SNAPSHOT_DELTA.md重绑，模型通过不证明冻结UI可达
CONN-015,FEATURE_CASES.md:233,面板扫描返回开放/加密网络,选网络；取消一次；再输入正确/错误密码发送,sheet 文案正确；开放网络无需密码；凭据只发给板；阶段依次发送/等待/加入或失败,阻塞,待真机/370 LED测试板；BLE/TCP/系统权限或外设条件依用例,evidence/serial-status.txt; evidence/serial-retry.txt; 主流程DeviceHub执行记录（未落独立日志）,无完整运行证据；静态设计不计通过,实板status两次读取0字节；DeviceHub无全屏操作API且应用调用超时，未形成可执行真机/实板验收链路。不得用模拟器替代；键盘/指针例还需相应外设
CONN-016,FEATURE_CASES.md:234,BLE 控制仍在，板子已加入家庭 Wi-Fi 并报告 IP,点“改用 Wi-Fi 控制板子”,建立 TCP 后才更新为已连接/保存；失败保持明确阶段，不混同“板子已入网”,阻塞,待真机/370 LED测试板；BLE/TCP/系统权限或外设条件依用例,evidence/serial-status.txt; evidence/serial-retry.txt; 主流程DeviceHub执行记录（未落独立日志）,无完整运行证据；静态设计不计通过,实板status两次读取0字节；DeviceHub无全屏操作API且应用调用超时，未形成可执行真机/实板验收链路。不得用模拟器替代；键盘/指针例还需相应外设；旧入口/行号需按SNAPSHOT_DELTA.md重绑，模型通过不证明冻结UI可达
CONN-017,FEATURE_CASES.md:235,个人热点页，无已确认记录,打开页面,名称不自动使用泛化 `iPhone`；密码为空；说明系统不提供热点名/密码,未测试,冻结版待验收；按前置条件执行；环境结果见COVERAGE.md；本用例未覆盖部分仍待执行,FEATURE_CASES.md:235（仅用例定义，无运行证据）,无完整运行证据；静态设计不计通过,尚未逐步执行全部步骤/预期
CONN-018,FEATURE_CASES.md:236,BLE 在线,让面板扫描热点，点选属于用户的 SSID,扫描按钮只有 BLE 在线时启用；选择只填热点名，不宣称识别所有者；匹配钥匙串密码时明确提示,阻塞,待真机/370 LED测试板；BLE/TCP/系统权限或外设条件依用例,evidence/serial-status.txt; evidence/serial-retry.txt; 主流程DeviceHub执行记录（未落独立日志）,无完整运行证据；静态设计不计通过,实板status两次读取0字节；DeviceHub无全屏操作API且应用调用超时，未形成可执行真机/实板验收链路。不得用模拟器替代；键盘/指针例还需相应外设；旧入口/行号需按SNAPSHOT_DELTA.md重绑，模型通过不证明冻结UI可达
CONN-019,FEATURE_CASES.md:237,热点开启，名称/密码正确,点“发送并连接”,三阶段分开显示；板子报告 hotspot profile 后才转 TCP；成功保存密码到对应 SSID 钥匙串并保存 `hotspot-tcp`,阻塞,待真机/370 LED测试板；BLE/TCP/系统权限或外设条件依用例,evidence/serial-status.txt; evidence/serial-retry.txt; 主流程DeviceHub执行记录（未落独立日志）,无完整运行证据；静态设计不计通过,实板status两次读取0字节；DeviceHub无全屏操作API且应用调用超时，未形成可执行真机/实板验收链路。不得用模拟器替代；键盘/指针例还需相应外设；旧入口/行号需按SNAPSHOT_DELTA.md重绑，模型通过不证明冻结UI可达
CONN-020,FEATURE_CASES.md:238,热点名/密码错误或 45 s 无关联,点发送并连接,失败说明检查热点、凭据、最大兼容性；不显示已连接；可修改后重试,阻塞,待真机/370 LED测试板；BLE/TCP/系统权限或外设条件依用例,evidence/serial-status.txt; evidence/serial-retry.txt; 主流程DeviceHub执行记录（未落独立日志）,无完整运行证据；静态设计不计通过,实板status两次读取0字节；DeviceHub无全屏操作API且应用调用超时，未形成可执行真机/实板验收链路。不得用模拟器替代；键盘/指针例还需相应外设
CONN-021,FEATURE_CASES.md:239,已保存热点密码,改热点名来回切换；清除板子和本机密码,密码按 SSID 分开载入；清除后板端凭据与对应钥匙串值均移除，UI 回空,阻塞,待真机/370 LED测试板；BLE/TCP/系统权限或外设条件依用例,evidence/serial-status.txt; evidence/serial-retry.txt; 主流程DeviceHub执行记录（未落独立日志）,无完整运行证据；静态设计不计通过,实板status两次读取0字节；DeviceHub无全屏操作API且应用调用超时，未形成可执行真机/实板验收链路。不得用模拟器替代；键盘/指针例还需相应外设
CONN-022,FEATURE_CASES.md:240,板载默认 AP 可用,点加入热点并连接；在 iOS 系统确认允许/取消；制造 TCP 失败,阶段区分 iPhone 加网与 App 控制连接；成功保存直连地址；失败可重试；说明互联网可能暂停,阻塞,待真机/370 LED测试板；BLE/TCP/系统权限或外设条件依用例,evidence/serial-status.txt; evidence/serial-retry.txt; 主流程DeviceHub执行记录（未落独立日志）,无完整运行证据；静态设计不计通过,实板status两次读取0字节；DeviceHub无全屏操作API且应用调用超时，未形成可执行真机/实板验收链路。不得用模拟器替代；键盘/指针例还需相应外设；旧入口/行号需按SNAPSHOT_DELTA.md重绑，模型通过不证明冻结UI可达
CONN-023,FEATURE_CASES.md:241,已连接,进入“网络与名称”；改名为 ASCII、中文边界、超 UTF-8 字节、空名,合法名更新面板、BLE 显示和保存项；超限提示实际字节；空名恢复默认；持久化失败明确说明重启会丢,阻塞,待真机/370 LED测试板；BLE/TCP/系统权限或外设条件依用例,evidence/serial-status.txt; evidence/serial-retry.txt; 主流程DeviceHub执行记录（未落独立日志）,无完整运行证据；静态设计不计通过,实板status两次读取0字节；DeviceHub无全屏操作API且应用调用超时，未形成可执行真机/实板验收链路。不得用模拟器替代；键盘/指针例还需相应外设；旧入口/行号需按SNAPSHOT_DELTA.md重绑，模型通过不证明冻结UI可达
CONN-024,FEATURE_CASES.md:242,已连接,切换 off/ap/sta/sta_or_ap；观察板端状态,选择发送且回显；Wi-Fi、IP、RSSI、AP 状态/名称/IP 各自准确；未知值不伪造,阻塞,待真机/370 LED测试板；BLE/TCP/系统权限或外设条件依用例,evidence/serial-status.txt; evidence/serial-retry.txt; 主流程DeviceHub执行记录（未落独立日志）,无完整运行证据；静态设计不计通过,实板status两次读取0字节；DeviceHub无全屏操作API且应用调用超时，未形成可执行真机/实板验收链路。不得用模拟器替代；键盘/指针例还需相应外设
CONN-025,FEATURE_CASES.md:243,已连接且有家庭凭据,点忘记家庭 Wi-Fi,只清家庭凭据；热点配置与本机保存项按协议保持；失败可见,阻塞,待真机/370 LED测试板；BLE/TCP/系统权限或外设条件依用例,evidence/serial-status.txt; evidence/serial-retry.txt; 主流程DeviceHub执行记录（未落独立日志）,无完整运行证据；静态设计不计通过,实板status两次读取0字节；DeviceHub无全屏操作API且应用调用超时，未形成可执行真机/实板验收链路。不得用模拟器替代；键盘/指针例还需相应外设
CONN-026,FEATURE_CASES.md:244,已连接,保存自定义板载 AP：有效 SSID+开放/带密码；空 SSID,空 SSID禁用；有效项发送；回显更新；密码字段不明文回显,阻塞,待真机/370 LED测试板；BLE/TCP/系统权限或外设条件依用例,evidence/serial-status.txt; evidence/serial-retry.txt; 主流程DeviceHub执行记录（未落独立日志）,无完整运行证据；静态设计不计通过,实板status两次读取0字节；DeviceHub无全屏操作API且应用调用超时，未形成可执行真机/实板验收链路。不得用模拟器替代；键盘/指针例还需相应外设；旧入口/行号需按SNAPSHOT_DELTA.md重绑，模型通过不证明冻结UI可达
CONN-027,FEATURE_CASES.md:245,连接 A 正在请求，随后立即连接 B,让 A 延迟成功、B 先成功,最终 transport、状态、设备名、面板库均属于 B；A 的迟到完成被隔离,未测试,冻结16:35版；iPhone 17 Pro / iOS26.5 Simulator / zh-Hans；模型测试无实板,evidence/frozen-baseline.log:1714#testLateCompletionFromSupersededConnectCannotOverwriteNewConnection,部分自动化证据：底层旧connect晚完成不覆盖新transport/代次通过；ViewModel、设备名与面板库隔离未全部覆盖；testLateCompletionFromSupersededConnectCannotOverwriteNewConnection=通过,完整原用例仍未执行；须补原文中未覆盖的UI/边界/生命周期/设备步骤，不能按子测试通过数标整例通过；旧入口/行号需按SNAPSHOT_DELTA.md重绑，模型通过不证明冻结UI可达
SET-001,FEATURE_CASES.md:251,已连接/未连接,打开设置,状态文字准确；连接设置、面板、应用、调试、关于层级清晰；设置页没有 LED 预览,未测试,冻结版待验收；按前置条件执行；环境结果见COVERAGE.md；本用例未覆盖部分仍待执行,FEATURE_CASES.md:251（仅用例定义，无运行证据）,无完整运行证据；静态设计不计通过,尚未逐步执行全部步骤/预期
SET-002,FEATURE_CASES.md:252,未连接/已连接,点重启面板；取消/确认,未连接禁用；确认文案说明会断线；取消无动作；确认只发送一次,阻塞,待真机/370 LED测试板；BLE/TCP/系统权限或外设条件依用例,evidence/serial-status.txt; evidence/serial-retry.txt; 主流程DeviceHub执行记录（未落独立日志）,无完整运行证据；静态设计不计通过,实板status两次读取0字节；DeviceHub无全屏操作API且应用调用超时，未形成可执行真机/实板验收链路。不得用模拟器替代；键盘/指针例还需相应外设
SET-003,FEATURE_CASES.md:253,任一含预览页面,切“显示面板照片”,所有共用大预览同步切换照片；无照片时显示未亮网格；布局不裁切,未测试,冻结版待验收；按前置条件执行；环境结果见COVERAGE.md；本用例未覆盖部分仍待执行,FEATURE_CASES.md:253（仅用例定义，无运行证据）,无完整运行证据；静态设计不计通过,尚未逐步执行全部步骤/预期
SET-004,FEATURE_CASES.md:254,控制和控制中心,切“触感反馈”,关闭时 LED 实际变化和用户控制动作不触发触感；开启后仅用户动作触发，固件回显不触发,阻塞,待真机/370 LED测试板；BLE/TCP/系统权限或外设条件依用例,evidence/serial-status.txt; evidence/serial-retry.txt; 主流程DeviceHub执行记录（未落独立日志）,无完整运行证据；静态设计不计通过,实板status两次读取0字节；DeviceHub无全屏操作API且应用调用超时，未形成可执行真机/实板验收链路。不得用模拟器替代；键盘/指针例还需相应外设
SET-005,FEATURE_CASES.md:255,真机,切“控制时保持屏幕常亮”；后台前台,开启时前台不自动熄屏；关闭恢复系统行为；设置即时生效并持久,阻塞,待真机/370 LED测试板；BLE/TCP/系统权限或外设条件依用例,evidence/serial-status.txt; evidence/serial-retry.txt; 主流程DeviceHub执行记录（未落独立日志）,无完整运行证据；静态设计不计通过,实板status两次读取0字节；DeviceHub无全屏操作API且应用调用超时，未形成可执行真机/实板验收链路。不得用模拟器替代；键盘/指针例还需相应外设
SET-006,FEATURE_CASES.md:256,系统浅色/深色,查看设置,App 跟随系统；没有重复的 App 外观开关,未测试,冻结版待验收；按前置条件执行；环境结果见COVERAGE.md；本用例未覆盖部分仍待执行,FEATURE_CASES.md:256（仅用例定义，无运行证据）,无完整运行证据；静态设计不计通过,尚未逐步执行全部步骤/预期
SET-007,FEATURE_CASES.md:257,可访问网络浏览器,打开关于；检查版本；分别点四个项目/致谢链接,版本/构建显示；链接目标正确并用系统方式打开；返回 App 状态保留,未测试,冻结版待验收；按前置条件执行；环境结果见COVERAGE.md；本用例未覆盖部分仍待执行,FEATURE_CASES.md:257（仅用例定义，无运行证据）,无完整运行证据；静态设计不计通过,尚未逐步执行全部步骤/预期
DBG-001,FEATURE_CASES.md:263,设置页,进入调试；切换概览/日志/测试/原始数据,四段都可达且顶部固定；切换不丢本次 Debug 会话状态,未测试,冻结16:35版；iPhone 17 Pro / iOS26.5 Simulator / zh-Hans；模型测试无实板,evidence/frozen-baseline.log:2032#testDebugWorkspacesAreReachable,部分自动化证据：冻结版四工作区可达自动化通过；顶部固定与切换会话状态保留未被完整断言；testDebugWorkspacesAreReachable=通过,完整原用例仍未执行；须补原文中未覆盖的UI/边界/生命周期/设备步骤，不能按子测试通过数标整例通过
DBG-002,FEATURE_CASES.md:264,未连接,打开概览,显示未连接；刷新/PING 禁用；未知字段用“未知/未采样/输入不足”，不显示 0 冒充采样,未测试,冻结版待验收；按前置条件执行；环境结果见COVERAGE.md；本用例未覆盖部分仍待执行,FEATURE_CASES.md:264（仅用例定义，无运行证据）,无完整运行证据；静态设计不计通过,尚未逐步执行全部步骤/预期
DBG-003,FEATURE_CASES.md:265,已连接,自动刷新；手动下拉和“刷新全部”,分别读取 GET_STATUS/GET_POWER/get_info；进度可见；指标和时间更新；错误可清除,阻塞,待真机/370 LED测试板；BLE/TCP/系统权限或外设条件依用例,evidence/serial-status.txt; evidence/serial-retry.txt; 主流程DeviceHub执行记录（未落独立日志）,无完整运行证据；静态设计不计通过,实板status两次读取0字节；DeviceHub无全屏操作API且应用调用超时，未形成可执行真机/实板验收链路。不得用模拟器替代；键盘/指针例还需相应外设
DBG-004,FEATURE_CASES.md:266,已连接且提供/缺少不同字段,展开硬件、网络、电源详情,optional bool 为是/否/未知；没有字段不推断；设备/固件/内存/网络值对应原始回复,阻塞,待真机/370 LED测试板；BLE/TCP/系统权限或外设条件依用例,evidence/serial-status.txt; evidence/serial-retry.txt; 主流程DeviceHub执行记录（未落独立日志）,无完整运行证据；静态设计不计通过,实板status两次读取0字节；DeviceHub无全屏操作API且应用调用超时，未形成可执行真机/实板验收链路。不得用模拟器替代；键盘/指针例还需相应外设
DBG-005,FEATURE_CASES.md:267,状态含 lit/brightness/color；再移除一项,查看客户端估算功耗,输入齐时显示 W；>40 W 有图标+颜色警示；任一输入缺失显示“输入不足”,未测试,冻结版待验收；按前置条件执行；环境结果见COVERAGE.md；本用例未覆盖部分仍待执行,FEATURE_CASES.md:267（仅用例定义，无运行证据）,无完整运行证据；静态设计不计通过,尚未逐步执行全部步骤/预期
DBG-006,FEATURE_CASES.md:268,已采样,等 >30 s；断线,时间从“更新于”变“可能陈旧”，断线后标“断线前”；不悄悄清成当前值,阻塞,待真机/370 LED测试板；BLE/TCP/系统权限或外设条件依用例,evidence/serial-status.txt; evidence/serial-retry.txt; 主流程DeviceHub执行记录（未落独立日志）,无完整运行证据；静态设计不计通过,实板status两次读取0字节；DeviceHub无全屏操作API且应用调用超时，未形成可执行真机/实板验收链路。不得用模拟器替代；键盘/指针例还需相应外设
DBG-007,FEATURE_CASES.md:269,已连接,PING 成功/失败,成功显示 RTT 并记录 uptime 日志；失败入错误日志；不改变板输出,阻塞,待真机/370 LED测试板；BLE/TCP/系统权限或外设条件依用例,evidence/serial-status.txt; evidence/serial-retry.txt; 主流程DeviceHub执行记录（未落独立日志）,无完整运行证据；静态设计不计通过,实板status两次读取0字节；DeviceHub无全屏操作API且应用调用超时，未形成可执行真机/实板验收链路。不得用模拟器替代；键盘/指针例还需相应外设
DBG-008,FEATURE_CASES.md:270,执行若干 Debug 命令/帧并制造拒绝/通信失败,展开本次 Debug 会话,尝试、设备拒绝、通信失败、帧尝试/失败分类累计；仅统计本页,阻塞,待真机/370 LED测试板；BLE/TCP/系统权限或外设条件依用例,evidence/serial-status.txt; evidence/serial-retry.txt; 主流程DeviceHub执行记录（未落独立日志）,无完整运行证据；静态设计不计通过,实板status两次读取0字节；DeviceHub无全屏操作API且应用调用超时，未形成可执行真机/实板验收链路。不得用模拟器替代；键盘/指针例还需相应外设
DBG-009,FEATURE_CASES.md:271,DATA-LOG,按来源、最低级别、搜索组合筛选,结果同时满足过滤条件，最新在前，最多 120；空结果明确,未测试,冻结版待验收；按前置条件执行；环境结果见COVERAGE.md；本用例未覆盖部分仍待执行,FEATURE_CASES.md:271（仅用例定义，无运行证据）,无完整运行证据；静态设计不计通过,尚未逐步执行全部步骤/预期
DBG-010,FEATURE_CASES.md:272,日志持续产生,开“暂停列表更新”，产生更多日志，再关闭,冻结的是显示快照，后台继续收集；解除后显示新日志,未测试,冻结版待验收；按前置条件执行；环境结果见COVERAGE.md；本用例未覆盖部分仍待执行,FEATURE_CASES.md:272（仅用例定义，无运行证据）,无完整运行证据；静态设计不计通过,尚未逐步执行全部步骤/预期
DBG-011,FEATURE_CASES.md:273,已连接/断线各一次,开始、取消订阅、停止、断线、重试固件日志,off/subscribing/on/failed 状态完整；EV_LOG 标为固件来源；断线结束消费任务且可重试,阻塞,待真机/370 LED测试板；BLE/TCP/系统权限或外设条件依用例,evidence/serial-status.txt; evidence/serial-retry.txt; 主流程DeviceHub执行记录（未落独立日志）,无完整运行证据；静态设计不计通过,实板status两次读取0字节；DeviceHub无全屏操作API且应用调用超时，未形成可执行真机/实板验收链路。不得用模拟器替代；键盘/指针例还需相应外设
DBG-012,FEATURE_CASES.md:274,DATA-LOG,复制/分享脱敏日志；清空,password/passwd/pwd/psk/secret/token/authorization 值被替换；清空后列表和暂停快照都空,失败,冻结16:35版；iPhone 17 Pro / iOS26.5 Simulator / zh-Hans；模型测试无实板,evidence/frozen-baseline.log:1703#testLogExportRedactsJSONPasswordAndKeepsDiagnosticContext; evidence/frozen-baseline.log:1701#testLogExportRedactsEntireBearerAuthorizationValue; evidence/frozen-baseline.log:1698#testLogExportDoesNotLeakPasswordSuffixAfterEscapedJSONQuote,部分自动化证据：普通JSON脱敏通过；Bearer token与转义引号密码后缀残留均失败；分享UI、所有字段及清空/容量未全执行；testLogExportRedactsJSONPasswordAndKeepsDiagnosticContext=通过；testLogExportRedactsEntireBearerAuthorizationValue=失败；testLogExportDoesNotLeakPasswordSuffixAfterEscapedJSONQuote=失败,已执行步骤违反明确预期；其余步骤未测试，仍须补验
DBG-013,FEATURE_CASES.md:275,未连接/已连接,在测试图案选择全黑/棋盘/边框/当前保存/全亮,选择只改本机预览；未连接发送禁用；非全亮发送直接执行；全亮先显示 370 LED/>40 W 确认,阻塞,待真机/370 LED测试板；BLE/TCP/系统权限或外设条件依用例,evidence/serial-status.txt; evidence/serial-retry.txt; 主流程DeviceHub执行记录（未落独立日志）,无完整运行证据；静态设计不计通过,实板status两次读取0字节；DeviceHub无全屏操作API且应用调用超时，未形成可执行真机/实板验收链路。不得用模拟器替代；键盘/指针例还需相应外设
DBG-014,FEATURE_CASES.md:276,已连接,依次点 B1/B2/B3/B4/B5/B3B1/B3B2/B6 单次/B6 详情/暂停滚动,每个命令只发一次、日志与计数匹配、面板行为符合协议；新输出会话接管,阻塞,待真机/370 LED测试板；BLE/TCP/系统权限或外设条件依用例,evidence/serial-status.txt; evidence/serial-retry.txt; 主流程DeviceHub执行记录（未落独立日志）,无完整运行证据；静态设计不计通过,实板status两次读取0字节；DeviceHub无全屏操作API且应用调用超时，未形成可执行真机/实板验收链路。不得用模拟器替代；键盘/指针例还需相应外设
DBG-015,FEATURE_CASES.md:277,DATA-FRAME,在封包帧实验室逐种校验、预览、发送、复制,三种有效格式解析为同一 370-bit 帧；无效显示原因；预览不发送；发送需连接；复制为 94 hex,阻塞,待真机/370 LED测试板；BLE/TCP/系统权限或外设条件依用例,evidence/serial-status.txt; evidence/serial-retry.txt; 主流程DeviceHub执行记录（未落独立日志）,无完整运行证据；静态设计不计通过,实板status两次读取0字节；DeviceHub无全屏操作API且应用调用超时，未形成可执行真机/实板验收链路。不得用模拟器替代；键盘/指针例还需相应外设
DBG-016,FEATURE_CASES.md:278,任意连接,改 ADC 原始值/参考电压；执行电压最小/最大重置并取消/确认,ADC 仅本地计算；维护命令需连接和确认；取消无命令,阻塞,待真机/370 LED测试板；BLE/TCP/系统权限或外设条件依用例,evidence/serial-status.txt; evidence/serial-retry.txt; 主流程DeviceHub执行记录（未落独立日志）,无完整运行证据；静态设计不计通过,实板status两次读取0字节；DeviceHub无全屏操作API且应用调用超时，未形成可执行真机/实板验收链路。不得用模拟器替代；键盘/指针例还需相应外设
DBG-017,FEATURE_CASES.md:279,已采样含未知键,搜索来源/字段/值；查看原始 JSON,未建模键仍展开显示；过滤准确；原始 JSON 可选择；无采样显示“未采样”,未测试,冻结16:35版；iPhone 17 Pro / iOS26.5 Simulator / zh-Hans；模型测试无实板,evidence/frozen-baseline.log:1705#testRawDiagnosticsKeepUnknownNestedFieldsAndNullValues,部分自动化证据：未知嵌套字段/数组/null及JSON保留通过；STATUS/POWER真实刷新及搜索UI未覆盖；testRawDiagnosticsKeepUnknownNestedFieldsAndNullValues=通过,完整原用例仍未执行；须补原文中未覆盖的UI/边界/生命周期/设备步骤，不能按子测试通过数标整例通过
DBG-018,FEATURE_CASES.md:280,原始快照含敏感字段,点复制脱敏快照,GET_STATUS/GET_POWER 均包含且敏感值隐藏,未测试,冻结版待验收；按前置条件执行；环境结果见COVERAGE.md；本用例未覆盖部分仍待执行,FEATURE_CASES.md:280（仅用例定义，无运行证据）,无完整运行证据；静态设计不计通过,尚未逐步执行全部步骤/预期
DBG-019,FEATURE_CASES.md:281,已连接,进入原始命令；输入数组/无效 JSON/对象；切确认开关并发送,只有 JSON 对象+确认+连接同时满足时启用；回复格式化；拒绝/失败分类记录,阻塞,待真机/370 LED测试板；BLE/TCP/系统权限或外设条件依用例,evidence/frozen-baseline.log:1712#testCommandRejectsFirmwareReplyWithOkFalse; evidence/serial-status.txt; evidence/serial-retry.txt; 主流程DeviceHub执行记录（未落独立日志）,部分自动化证据：普通command封装拒绝ok:false通过；Debug原始命令UI/统计/超时路径不同未覆盖；testCommandRejectsFirmwareReplyWithOkFalse=通过,实板status两次读取0字节；DeviceHub无全屏操作API且应用调用超时，未形成可执行真机/实板验收链路。不得用模拟器替代；键盘/指针例还需相应外设
DBG-020,FEATURE_CASES.md:282,面板有用户与默认表情,危险操作“清空用户表情”；输入错误确认词、取消、输入 `CLEAR`,错词不执行；取消无变化；正确词只删非默认且不可撤销，日志记录保留数,阻塞,冻结产品；iPhone SE第3代 / iOS26.5模拟器 / zh-Hans；修订定位harness,evidence/serial-status.txt; evidence/serial-retry.txt; 主流程DeviceHub执行记录（未落独立日志）; evidence/se.log:472,无完整运行证据；静态设计不计通过；Debug CLEAR确认弹窗取消成功且本地启动动画重播结束返回Debug通过；未发送维护命令，未测连续双重播/真实清除,实板status两次读取0字节；DeviceHub无全屏操作API且应用调用超时，未形成可执行真机/实板验收链路。不得用模拟器替代；键盘/指针例还需相应外设
DBG-021,FEATURE_CASES.md:283,已连接,重启设备，取消/确认,取消无动作；确认发送一次并记录；随后连接状态真实变化,阻塞,待真机/370 LED测试板；BLE/TCP/系统权限或外设条件依用例,evidence/serial-status.txt; evidence/serial-retry.txt; 主流程DeviceHub执行记录（未落独立日志）,无完整运行证据；静态设计不计通过,实板status两次读取0字节；DeviceHub无全屏操作API且应用调用超时，未形成可执行真机/实板验收链路。不得用模拟器替代；键盘/指针例还需相应外设
DBG-022,FEATURE_CASES.md:284,任一标签有活动输出,Debug 发送图案/帧/原始改变输出命令,Debug 会话接管；旧功能迟到帧不能覆盖；离开 Debug 后不会把过期状态写回,阻塞,待真机/370 LED测试板；BLE/TCP/系统权限或外设条件依用例,evidence/frozen-baseline.log:1716#testSupersededQueuedFrameDoesNotSendAndLateReplyDoesNotChangeCurrentFrame; evidence/frozen-baseline.log:1710#testCancellingInflightFrameUnblocksNewSessionAndQuarantinesLateReply; evidence/serial-status.txt; evidence/serial-retry.txt; 主流程DeviceHub执行记录（未落独立日志）,部分自动化证据：假transport过期队列/在途取消与迟到响应隔离通过；全部输出源/页面UI/物理LED步骤未全部覆盖；testSupersededQueuedFrameDoesNotSendAndLateReplyDoesNotChangeCurrentFrame=通过；testCancellingInflightFrameUnblocksNewSessionAndQuarantinesLateReply=通过,实板status两次读取0字节；DeviceHub无全屏操作API且应用调用超时，未形成可执行真机/实板验收链路。不得用模拟器替代；键盘/指针例还需相应外设
XFLOW-001,FEATURE_CASES.md:290,已连接,按控制→文字→口型→演出→Debug 的顺序快速启动输出，每次上一请求延迟返回,最后一个用户动作拥有输出；过期帧和迟到响应不改当前帧/状态,阻塞,待真机/370 LED测试板；BLE/TCP/系统权限或外设条件依用例,evidence/frozen-baseline.log:1716#testSupersededQueuedFrameDoesNotSendAndLateReplyDoesNotChangeCurrentFrame; evidence/frozen-baseline.log:1710#testCancellingInflightFrameUnblocksNewSessionAndQuarantinesLateReply; evidence/serial-status.txt; evidence/serial-retry.txt; 主流程DeviceHub执行记录（未落独立日志）,部分自动化证据：假transport过期队列/在途取消与迟到响应隔离通过；全部输出源/页面UI/物理LED步骤未全部覆盖；testSupersededQueuedFrameDoesNotSendAndLateReplyDoesNotChangeCurrentFrame=通过；testCancellingInflightFrameUnblocksNewSessionAndQuarantinesLateReply=通过,实板status两次读取0字节；DeviceHub无全屏操作API且应用调用超时，未形成可执行真机/实板验收链路。不得用模拟器替代；键盘/指针例还需相应外设
XFLOW-002,FEATURE_CASES.md:291,任一发送/上传中,断线并立即连接同一面板,等待 continuation 被释放；UI 不永久转圈；新代次可发送,阻塞,待真机/370 LED测试板；BLE/TCP/系统权限或外设条件依用例；模型子项在SE3/iOS26.5专用模拟器完成（冻结产品+新增harness）,evidence/frozen-baseline.log:1716#testSupersededQueuedFrameDoesNotSendAndLateReplyDoesNotChangeCurrentFrame; evidence/frozen-baseline.log:1710#testCancellingInflightFrameUnblocksNewSessionAndQuarantinesLateReply; evidence/serial-status.txt; evidence/serial-retry.txt; 主流程DeviceHub执行记录（未落独立日志）; evidence/models-retry.log:136#testDisconnectedSendKeepsDraftAndDoesNotLeaveRetryLocked,部分自动化证据：假transport过期队列/在途取消与迟到响应隔离通过；全部输出源/页面UI/物理LED步骤未全部覆盖；testSupersededQueuedFrameDoesNotSendAndLateReplyDoesNotChangeCurrentFrame=通过；testCancellingInflightFrameUnblocksNewSessionAndQuarantinesLateReply=通过；离线模型子项testDisconnectedSendKeepsDraftAndDoesNotLeaveRetryLocked通过；不证明触摸/触感/UI/真实循环与面板时序,实板status两次读取0字节；DeviceHub无全屏操作API且应用调用超时，未形成可执行真机/实板验收链路。不得用模拟器替代；键盘/指针例还需相应外设
XFLOW-003,FEATURE_CASES.md:292,连接 A 有面板库/播放状态,连接 B，其 ID 与 A 部分相同,A 的表情 ID、帧、状态、请求结果不应用到 B；重新读取 B,阻塞,待真机/370 LED测试板；BLE/TCP/系统权限或外设条件依用例,evidence/frozen-baseline.log:1714#testLateCompletionFromSupersededConnectCannotOverwriteNewConnection; evidence/serial-status.txt; evidence/serial-retry.txt; 主流程DeviceHub执行记录（未落独立日志）,部分自动化证据：底层旧connect晚完成不覆盖新transport/代次通过；ViewModel、设备名与面板库隔离未全部覆盖；testLateCompletionFromSupersededConnectCannotOverwriteNewConnection=通过,实板status两次读取0字节；DeviceHub无全屏操作API且应用调用超时，未形成可执行真机/实板验收链路。不得用模拟器替代；键盘/指针例还需相应外设
XFLOW-004,FEATURE_CASES.md:293,控制/文字草稿已修改,模拟 Application Support 写失败；继续编辑和切页,明确显示持久化失败；内存草稿不被旧文件回滚；面板状态不受影响,未测试,冻结16:35版；iPhone 17 Pro / iOS26.5 Simulator / zh-Hans；模型测试无实板,evidence/frozen-baseline.log:1730#testMissingDraftReturnsNilAndAtomicWriteCanBeReplaced,部分自动化证据：DraftStorage临时目录原子写替换通过；不证明实际控制/文字模型恢复、文件损坏与UI写失败；testMissingDraftReturnsNilAndAtomicWriteCanBeReplaced=通过,完整原用例仍未执行；须补原文中未覆盖的UI/边界/生命周期/设备步骤，不能按子测试通过数标整例通过
XFLOW-005,FEATURE_CASES.md:294,本机表情库已有内容,模拟本机库保存失败，执行新增/重命名/删除/排序,只有持久化成功才发布新列表；失败保留旧内容与撤销状态,未测试,冻结16:35版；iPhone 17 Pro / iOS26.5 Simulator / zh-Hans；模型测试无实板,evidence/frozen-baseline.log:1640#testFailedReorderPreservesPublishedAndPersistedOrder; evidence/frozen-baseline.log:1642#testFailedUndoRetainsRetryAndSuccessfulRetrySurvivesRestart; evidence/frozen-baseline.log:1737#testLocalReorderValidatesCompleteSetAndFailedPersistenceKeepsPublishedOrder,部分自动化证据：排序/撤销/重命名失败保护通过；新增/删除失败组合未全部执行；testFailedReorderPreservesPublishedAndPersistedOrder=通过；testFailedUndoRetainsRetryAndSuccessfulRetrySurvivesRestart=通过；testLocalReorderValidatesCompleteSetAndFailedPersistenceKeepsPublishedOrder=通过,完整原用例仍未执行；须补原文中未覆盖的UI/边界/生命周期/设备步骤，不能按子测试通过数标整例通过
XFLOW-006,FEATURE_CASES.md:295,演出有效素材,模拟复制中断、存储文件损坏、重启恢复,半文件不激活；旧素材可用；恢复找不到文件时显示缺项而不崩溃,未测试,冻结16:35版；iPhone 17 Pro / iOS26.5 Simulator / zh-Hans；模型测试无实板,evidence/frozen-baseline.log:1692#testInvalidScriptImportKeepsThePreviouslyCommittedCustomScript; evidence/frozen-baseline.log:1684#testInvalidAudioImportKeepsThePreviouslyCommittedCustomAudio; evidence/frozen-baseline.log:1666#testCustomScriptAndAudioRestoreIntoANewModelInstance,部分自动化证据：非法导入保原素材及重启恢复通过；复制中断/磁盘后续损坏/缺文件恢复未覆盖；testInvalidScriptImportKeepsThePreviouslyCommittedCustomScript=通过；testInvalidAudioImportKeepsThePreviouslyCommittedCustomAudio=通过；testCustomScriptAndAudioRestoreIntoANewModelInstance=通过,完整原用例仍未执行；须补原文中未覆盖的UI/边界/生命周期/设备步骤，不能按子测试通过数标整例通过
XFLOW-007,FEATURE_CASES.md:296,任一网络/输出操作中,高频切页、重复点、后台/前台、断开/重连组合,无崩溃、死锁、永久禁用、重复录音、重复音频、错误 sheet 风暴,阻塞,待真机/370 LED测试板；BLE/TCP/系统权限或外设条件依用例,evidence/serial-status.txt; evidence/serial-retry.txt; 主流程DeviceHub执行记录（未落独立日志）,无完整运行证据；静态设计不计通过,实板status两次读取0字节；DeviceHub无全屏操作API且应用调用超时，未形成可执行真机/实板验收链路。不得用模拟器替代；键盘/指针例还需相应外设
UI-001,FEATURE_CASES.md:306,ENV-PHONE-S + zh-Hans + 浅色 + 默认字号,遍历核心页面，滚动到末尾并操作主按钮,无裁切/重叠/不可达；标题、返回、sheet 关闭、主动作清楚；44 pt 目标,阻塞,ENV-PHONE-S / iOS17.x（未安装runtime）,evidence/runtimes.json,无完整运行证据；静态设计不计通过,当前无iOS17 runtime；新系统截图不替代最低系统验收；旧入口/行号需按SNAPSHOT_DELTA.md重绑，模型通过不证明冻结UI可达
UI-002,FEATURE_CASES.md:307,ENV-PHONE-T + zh-Hans + 深色 + 默认字号,同上,文本、LED、材质、危险动作对比清楚；无硬编码浅色背景,未测试,冻结版待验收；按前置条件执行；环境结果见COVERAGE.md；本用例未覆盖部分仍待执行,FEATURE_CASES.md:307（仅用例定义，无运行证据）,无完整运行证据；静态设计不计通过,尚未逐步执行全部步骤/预期
UI-003,FEATURE_CASES.md:308,ENV-PAD-N + en + 默认字号,在窄分屏打开控制/口型/演出并动态调宽,宽度 <760 单栏；切换阈值无状态丢失、重叠或跳回顶部,未测试,冻结产品；iPad Pro11 M5 / iOS26.5模拟器；默认及zh-Hant/en/ja AXXXL,FEATURE_CASES.md:308（仅用例定义，无运行证据）; evidence/ipad-summary.json; evidence/ipad-retry-summary.json; evidence/ipad-retry.log:309; evidence/ipad-retry.log:586; evidence/ipad-screen-retry-summary.json; evidence/screenshots/ipad-full-layout-3-tab-4.png,无完整运行证据；静态设计不计通过；首轮2项定位失败；修定位重试2项通过（标签点击/截图）。app.screenshot横屏裁剪，不能据截图判布局通过；窄窗口/分屏/所有字号与焦点仍未完整执行；最终iPad整屏复测2项通过，五标签横竖屏/繁中英日最大字号点击；旧app截图裁剪未判产品缺陷；完整分屏/键盘/全部页面仍未测,尚未逐步执行全部步骤/预期；旧入口/行号需按SNAPSHOT_DELTA.md重绑，模型通过不证明冻结UI可达
UI-004,FEATURE_CASES.md:309,ENV-PAD-W + en + 默认字号,打开控制、口型、演出、表情详情,宽度 ≥760 且非辅助字号时预览左、工具右，两列独立滚动；预览宽 ≤440/44%,未测试,冻结产品；iPad Pro11 M5 / iOS26.5模拟器；默认及zh-Hant/en/ja AXXXL,FEATURE_CASES.md:309（仅用例定义，无运行证据）; evidence/ipad-summary.json; evidence/ipad-retry-summary.json; evidence/ipad-retry.log:309; evidence/ipad-retry.log:586; evidence/ipad-screen-retry-summary.json; evidence/screenshots/ipad-full-layout-3-tab-4.png,无完整运行证据；静态设计不计通过；首轮2项定位失败；修定位重试2项通过（标签点击/截图）。app.screenshot横屏裁剪，不能据截图判布局通过；窄窗口/分屏/所有字号与焦点仍未完整执行；最终iPad整屏复测2项通过，五标签横竖屏/繁中英日最大字号点击；旧app截图裁剪未判产品缺陷；完整分屏/键盘/全部页面仍未测,尚未逐步执行全部步骤/预期；旧入口/行号需按SNAPSHOT_DELTA.md重绑，模型通过不证明冻结UI可达
UI-005,FEATURE_CASES.md:310,ENV-PAD-W + 最大辅助功能字号,重复 UI-004,自动回单栏；任务关键控件不隐藏；长标签竖向增长,未测试,冻结产品；iPad Pro11 M5 / iOS26.5模拟器；默认及zh-Hant/en/ja AXXXL,FEATURE_CASES.md:310（仅用例定义，无运行证据）; evidence/ipad-summary.json; evidence/ipad-retry-summary.json; evidence/ipad-retry.log:309; evidence/ipad-retry.log:586; evidence/ipad-screen-retry-summary.json; evidence/screenshots/ipad-full-layout-3-tab-4.png,无完整运行证据；静态设计不计通过；首轮2项定位失败；修定位重试2项通过（标签点击/截图）。app.screenshot横屏裁剪，不能据截图判布局通过；窄窗口/分屏/所有字号与焦点仍未完整执行；最终iPad整屏复测2项通过，五标签横竖屏/繁中英日最大字号点击；旧app截图裁剪未判产品缺陷；完整分屏/键盘/全部页面仍未测,尚未逐步执行全部步骤/预期；旧入口/行号需按SNAPSHOT_DELTA.md重绑，模型通过不证明冻结UI可达
UI-006,FEATURE_CASES.md:311,iPhone/iPad + zh-Hant,遍历全部页面和错误/空状态,无简中残留的活跃 UI、截断、格式占位符错位；术语一致,未测试,冻结产品；iPad Pro11 M5 / iOS26.5模拟器；默认及zh-Hant/en/ja AXXXL,FEATURE_CASES.md:311（仅用例定义，无运行证据）; evidence/ipad-summary.json; evidence/ipad-retry-summary.json; evidence/ipad-retry.log:309; evidence/ipad-retry.log:586,无完整运行证据；静态设计不计通过；首轮2项定位失败；修定位重试2项通过（标签点击/截图）。app.screenshot横屏裁剪，不能据截图判布局通过；窄窗口/分屏/所有字号与焦点仍未完整执行,尚未逐步执行全部步骤/预期
UI-007,FEATURE_CASES.md:312,iPhone/iPad + ja,同上,日文自然且不裁切；a/i/u/e/o 的假名/罗马字意图清楚,未测试,冻结产品；iPad Pro11 M5 / iOS26.5模拟器；默认及zh-Hant/en/ja AXXXL,FEATURE_CASES.md:312（仅用例定义，无运行证据）; evidence/ipad-summary.json; evidence/ipad-retry-summary.json; evidence/ipad-retry.log:309; evidence/ipad-retry.log:586,无完整运行证据；静态设计不计通过；首轮2项定位失败；修定位重试2项通过（标签点击/截图）。app.screenshot横屏裁剪，不能据截图判布局通过；窄窗口/分屏/所有字号与焦点仍未完整执行,尚未逐步执行全部步骤/预期
UI-008,FEATURE_CASES.md:313,iPhone/iPad + en,同上,英文长字符串可换行；按钮仍可达；无未翻译活跃项,未测试,冻结产品；iPad Pro11 M5 / iOS26.5模拟器；默认及zh-Hant/en/ja AXXXL,FEATURE_CASES.md:313（仅用例定义，无运行证据）; evidence/ipad-summary.json; evidence/ipad-retry-summary.json; evidence/ipad-retry.log:309; evidence/ipad-retry.log:586,无完整运行证据；静态设计不计通过；首轮2项定位失败；修定位重试2项通过（标签点击/截图）。app.screenshot横屏裁剪，不能据截图判布局通过；窄窗口/分屏/所有字号与焦点仍未完整执行,尚未逐步执行全部步骤/预期
UI-009,FEATURE_CASES.md:314,支持的 RTL 伪语言,遍历导航、列表、工具栏、滑动动作、进度,系统方向镜像合理；数值/hex/IP/时间仍可读；无手工左右假设破坏任务,未测试,冻结版待验收；按前置条件执行；环境结果见COVERAGE.md；本用例未覆盖部分仍待执行,FEATURE_CASES.md:314（仅用例定义，无运行证据）,无完整运行证据；静态设计不计通过,尚未逐步执行全部步骤/预期
UI-010,FEATURE_CASES.md:315,Increase Contrast,遍历预览、色块、选中项、状态色、启动层,文字/边框/选中状态可分辨；不靠低透明度色差,未测试,冻结版待验收；按前置条件执行；环境结果见COVERAGE.md；本用例未覆盖部分仍待执行,FEATURE_CASES.md:315（仅用例定义，无运行证据）,无完整运行证据；静态设计不计通过,尚未逐步执行全部步骤/预期
UI-011,FEATURE_CASES.md:316,Reduce Transparency,遍历列表、底部附件、sheet、缩放预览边缘,层级与文字保持清楚；透明/模糊不是唯一分隔手段,未测试,冻结版待验收；按前置条件执行；环境结果见COVERAGE.md；本用例未覆盖部分仍待执行,FEATURE_CASES.md:316（仅用例定义，无运行证据）,无完整运行证据；静态设计不计通过,尚未逐步执行全部步骤/预期
UI-012,FEATURE_CASES.md:317,Differentiate Without Color + 灰度,检查连接、校准、颜色、日志级别、错误、选择态,图标/文字/边框提供冗余线索；所有状态不只靠颜色,未测试,冻结版待验收；按前置条件执行；环境结果见COVERAGE.md；本用例未覆盖部分仍待执行,FEATURE_CASES.md:317（仅用例定义，无运行证据）,无完整运行证据；静态设计不计通过,尚未逐步执行全部步骤/预期
UI-013,FEATURE_CASES.md:318,Reduce Motion,启动、开关控制中心、缩放回弹、列表切页、播放,启动和 zoom 转场简化；任务不延迟；交互状态仍明确,未测试,冻结版待验收；按前置条件执行；环境结果见COVERAGE.md；本用例未覆盖部分仍待执行,FEATURE_CASES.md:318（仅用例定义，无运行证据）,无完整运行证据；静态设计不计通过,尚未逐步执行全部步骤/预期
UI-014,FEATURE_CASES.md:319,VoiceOver,按视觉顺序遍历每页并激活主要动作,标题/值/状态/禁用原因可理解；图标按钮有标签；组合行不重复朗读,未测试,冻结版待验收；按前置条件执行；环境结果见COVERAGE.md；本用例未覆盖部分仍待执行,FEATURE_CASES.md:319（仅用例定义，无运行证据）,无完整运行证据；静态设计不计通过,尚未逐步执行全部步骤/预期
UI-015,FEATURE_CASES.md:320,VoiceOver + 控制预览,尝试编辑一颗指定 LED，随后使用逐灯 Stepper,预览提供总体摘要；逐灯编辑作为无需精确拖动的完整替代；状态变化可读,未测试,冻结版待验收；按前置条件执行；环境结果见COVERAGE.md；本用例未覆盖部分仍待执行,FEATURE_CASES.md:320（仅用例定义，无运行证据）,无完整运行证据；静态设计不计通过,尚未逐步执行全部步骤/预期；旧入口/行号需按SNAPSHOT_DELTA.md重绑，模型通过不证明冻结UI可达
UI-016,FEATURE_CASES.md:321,VoiceOver + 表情排序,仅用“上移/下移”和完成/取消排序,可完成同等排序任务；边界项无错误移动；焦点稳定,未测试,冻结版待验收；按前置条件执行；环境结果见COVERAGE.md；本用例未覆盖部分仍待执行,FEATURE_CASES.md:321（仅用例定义，无运行证据）,无完整运行证据；静态设计不计通过,尚未逐步执行全部步骤/预期
UI-017,FEATURE_CASES.md:322,Voice Control/Switch Control,完成控制保存、文字发送、口型开始/停止、演出播放/停止,控件有可说名称且不依赖精确手势；焦点顺序符合任务顺序,阻塞,待真机/370 LED测试板；BLE/TCP/系统权限或外设条件依用例,evidence/serial-status.txt; evidence/serial-retry.txt; 主流程DeviceHub执行记录（未落独立日志）,无完整运行证据；静态设计不计通过,实板status两次读取0字节；DeviceHub无全屏操作API且应用调用超时，未形成可执行真机/实板验收链路。不得用模拟器替代；键盘/指针例还需相应外设
UI-018,FEATURE_CASES.md:323,iPad 硬件键盘,遍历 Form/List/TextEditor、sheet、文件选择,Tab/Shift-Tab 焦点可达；Return/Space 可激活；Escape/取消路径可用；输入不陷住,阻塞,待真机/370 LED测试板；BLE/TCP/系统权限或外设条件依用例,evidence/serial-status.txt; evidence/serial-retry.txt; 主流程DeviceHub执行记录（未落独立日志）,无完整运行证据；静态设计不计通过,实板status两次读取0字节；DeviceHub无全屏操作API且应用调用超时，未形成可执行真机/实板验收链路。不得用模拟器替代；键盘/指针例还需相应外设
UI-019,FEATURE_CASES.md:324,粗体文本 + 最大字号,全部核心页,关键值、错误、进度和破坏性确认不裁切；可滚动到主动作,未测试,冻结产品；iPhone17Pro/iOS27模拟器；en/ja AXXXL,FEATURE_CASES.md:324（仅用例定义，无运行证据）; evidence/ipad-summary.json; evidence/ipad-retry-summary.json; evidence/ipad-retry.log:309; evidence/ipad-retry.log:586; evidence/screenshots/iphone27-en-AXXXL-tab-0.png; evidence/screenshots/iphone27-ja-AXXXL-tab-4.png,无完整运行证据；静态设计不计通过；首轮2项定位失败；修定位重试2项通过（标签点击/截图）。app.screenshot横屏裁剪，不能据截图判布局通过；窄窗口/分屏/所有字号与焦点仍未完整执行；AXXXL设备条图标溢出见CC-009；未确认粗体/所有主题/全部页面，保留部分视觉证据，不标整例通过,尚未逐步执行全部步骤/预期
UI-020,FEATURE_CASES.md:325,典型/超长/空/加载/错误/离线内容,对每个列表页注入五态,状态之间不混淆；错误有恢复路径；晚到数据不破坏当前选择,未测试,冻结版待验收；按前置条件执行；环境结果见COVERAGE.md；本用例未覆盖部分仍待执行,FEATURE_CASES.md:325（仅用例定义，无运行证据）,无完整运行证据；静态设计不计通过,尚未逐步执行全部步骤/预期
UI-021,FEATURE_CASES.md:326,iPad 四方向；iPhone 竖屏与倒置竖屏,在页面打开、sheet/键盘显示、导入过程中旋转,安全区、键盘、列表、双栏适配；任务状态不丢；无错误横屏强制,未测试,冻结产品；iPad Pro11 M5 / iOS26.5模拟器；默认及zh-Hant/en/ja AXXXL,evidence/frozen-baseline.log:1905#testAllTabsPortraitAndSupportedRotationScreenshots; evidence/ipad-summary.json; evidence/ipad-retry-summary.json; evidence/ipad-retry.log:309; evidence/ipad-retry.log:586; evidence/ipad-screen-retry-summary.json; evidence/screenshots/ipad-full-layout-3-tab-4.png,部分自动化证据：五标签切换与截图通过；精确五同级首次启动、20次草稿保留、全部支持方向/键盘/sheet/iPad未覆盖；iPhone横向请求截图不证明支持横屏；testAllTabsPortraitAndSupportedRotationScreenshots=通过；首轮2项定位失败；修定位重试2项通过（标签点击/截图）。app.screenshot横屏裁剪，不能据截图判布局通过；窄窗口/分屏/所有字号与焦点仍未完整执行；最终iPad整屏复测2项通过，五标签横竖屏/繁中英日最大字号点击；旧app截图裁剪未判产品缺陷；完整分屏/键盘/全部页面仍未测,完整原用例仍未执行；须补原文中未覆盖的UI/边界/生命周期/设备步骤，不能按子测试通过数标整例通过；旧入口/行号需按SNAPSHOT_DELTA.md重绑，模型通过不证明冻结UI可达
UI-022,FEATURE_CASES.md:327,iPad 指针/触控板,hover/点击色块、列表、附件、滑动替代菜单,点击区清楚；context menu 可用；无只有触摸才可达的关键动作,阻塞,待真机/370 LED测试板；BLE/TCP/系统权限或外设条件依用例,evidence/serial-status.txt; evidence/serial-retry.txt; 主流程DeviceHub执行记录（未落独立日志）,无完整运行证据；静态设计不计通过,实板status两次读取0字节；DeviceHub无全屏操作API且应用调用超时，未形成可执行真机/实板验收链路。不得用模拟器替代；键盘/指针例还需相应外设
UI-023,FEATURE_CASES.md:328,浅色/深色 + 显示面板照片开/关,在控制、文字、口型、演出、Debug 对比同帧,370 LED 位置/亮灭一致；照片关闭时未亮网格可见；预览不裁切、不拉伸,未测试,冻结版待验收；按前置条件执行；环境结果见COVERAGE.md；本用例未覆盖部分仍待执行,FEATURE_CASES.md:328（仅用例定义，无运行证据）,无完整运行证据；静态设计不计通过,尚未逐步执行全部步骤/预期
UI-024,FEATURE_CASES.md:329,快速手势压力,控制预览快速绘制、交叉回划、边缘起手、缩放中加第二手势、页面滚动,绘制/滚动/缩放仲裁稳定；取消后临时状态清空；无卡住禁滚,未测试,冻结版待验收；按前置条件执行；环境结果见COVERAGE.md；本用例未覆盖部分仍待执行,FEATURE_CASES.md:329（仅用例定义，无运行证据）,无完整运行证据；静态设计不计通过,尚未逐步执行全部步骤/预期
UI-025,FEATURE_CASES.md:330,动态窗口宽度,在 740→780→740 pt 缓慢/快速调整，操作仍在进行,仅在阈值切布局；模型和导航保持；无两份交互同时响应,未测试,冻结产品；iPad Pro11 M5 / iOS26.5模拟器；默认及zh-Hant/en/ja AXXXL,FEATURE_CASES.md:330（仅用例定义，无运行证据）; evidence/ipad-summary.json; evidence/ipad-retry-summary.json; evidence/ipad-retry.log:309; evidence/ipad-retry.log:586,无完整运行证据；静态设计不计通过；首轮2项定位失败；修定位重试2项通过（标签点击/截图）。app.screenshot横屏裁剪，不能据截图判布局通过；窄窗口/分屏/所有字号与焦点仍未完整执行,尚未逐步执行全部步骤/预期；旧入口/行号需按SNAPSHOT_DELTA.md重绑，模型通过不证明冻结UI可达
VIS-001,FEATURE_CASES.md:336,控制,遍历页面并按检查点观察和操作,预览标题/已发送说明、画笔、主发送、保存、部件、更多编辑层级；缩放框只在放大时出现,未测试,冻结版待验收；按前置条件执行；环境结果见COVERAGE.md；本用例未覆盖部分仍待执行,FEATURE_CASES.md:336（仅用例定义，无运行证据）,无完整运行证据；静态设计不计通过,尚未逐步执行全部步骤/预期；旧入口/行号需按SNAPSHOT_DELTA.md重绑，模型通过不证明冻结UI可达
VIS-002,FEATURE_CASES.md:337,表情库,遍历页面并按检查点观察和操作,默认/我的分组、受保护标记、缩略图、搜索、多选底栏、撤销条不会互相遮挡,未测试,冻结版待验收；按前置条件执行；环境结果见COVERAGE.md；本用例未覆盖部分仍待执行,FEATURE_CASES.md:337（仅用例定义，无运行证据）,无完整运行证据；静态设计不计通过,尚未逐步执行全部步骤/预期
VIS-003,FEATURE_CASES.md:338,文字,遍历页面并按检查点观察和操作,编辑器为主内容；聚焦时空间合理；超限错误和上传进度不跳版；播放预览为只读,未测试,冻结版待验收；按前置条件执行；环境结果见COVERAGE.md；本用例未覆盖部分仍待执行,FEATURE_CASES.md:338（仅用例定义，无运行证据）,无完整运行证据；静态设计不计通过,尚未逐步执行全部步骤/预期
VIS-004,FEATURE_CASES.md:339,口型,遍历页面并按检查点观察和操作,开始/停止为主动作；音量条阈值标记；原始/平滑元音区别；校准进度不挤压操作,未测试,冻结版待验收；按前置条件执行；环境结果见COVERAGE.md；本用例未覆盖部分仍待执行,FEATURE_CASES.md:339（仅用例定义，无运行证据）,无完整运行证据；静态设计不计通过,尚未逐步执行全部步骤/预期
VIS-005,FEATURE_CASES.md:340,演出,遍历页面并按检查点观察和操作,素材与播放层级；进度/时间稳定；缺音频与仅本机状态明确；错误可关闭,未测试,冻结版待验收；按前置条件执行；环境结果见COVERAGE.md；本用例未覆盖部分仍待执行,FEATURE_CASES.md:340（仅用例定义，无运行证据）,无完整运行证据；静态设计不计通过,尚未逐步执行全部步骤/预期
VIS-006,FEATURE_CASES.md:341,连接,遍历页面并按检查点观察和操作,三种事实摘要清楚；三条路线描述可换行；阶段状态不跳跃；密码不明文,未测试,冻结版待验收；按前置条件执行；环境结果见COVERAGE.md；本用例未覆盖部分仍待执行,FEATURE_CASES.md:341（仅用例定义，无运行证据）,无完整运行证据；静态设计不计通过,尚未逐步执行全部步骤/预期
VIS-007,FEATURE_CASES.md:342,Debug,遍历页面并按检查点观察和操作,顶部分段不遮内容；密集网格随宽度适配；危险动作与本机工具区分明显,未测试,冻结版待验收；按前置条件执行；环境结果见COVERAGE.md；本用例未覆盖部分仍待执行,FEATURE_CASES.md:342（仅用例定义，无运行证据）,无完整运行证据；静态设计不计通过,尚未逐步执行全部步骤/预期
VIS-008,FEATURE_CASES.md:343,启动/附件,遍历页面并按检查点观察和操作,启动层安全区、浅深色和文字对比；附件不遮 tab 或页面末项；sheet 来源连续,未测试,冻结产品；iPhone17Pro/iOS27模拟器；en/ja AXXXL,FEATURE_CASES.md:343（仅用例定义，无运行证据）; evidence/screenshots/iphone27-en-AXXXL-tab-0.png; evidence/screenshots/iphone27-ja-AXXXL-tab-4.png,无完整运行证据；静态设计不计通过；AXXXL设备条图标溢出见CC-009；未确认粗体/所有主题/全部页面，保留部分视觉证据，不标整例通过,尚未逐步执行全部步骤/预期
CON-01,PROTOCOL_CASES.md:39,真机，蓝牙权限未决定，测试板通电,设置→连接→扫描；分别用干净授权状态允许/拒绝；再关闭蓝牙重试,允许后发现板；拒绝/关闭显示可行动错误；不无限扫描或虚报连接,阻塞,待真机/370 LED测试板；BLE/TCP/系统权限或外设条件依用例,evidence/serial-status.txt; evidence/serial-retry.txt; 主流程DeviceHub执行记录（未落独立日志）,无完整运行证据；静态设计不计通过,实板status两次读取0字节；DeviceHub无全屏操作API且应用调用超时，未形成可执行真机/实板验收链路。不得用模拟器替代；键盘/指针例还需相应外设
CON-02,PROTOCOL_CASES.md:40,两块板，默认或独特名称,扫描→连A→断开→连B；记录BLE标识与名称,每板身份稳定、无同名误选；设备信息与当前板一致,阻塞,待真机/370 LED测试板；BLE/TCP/系统权限或外设条件依用例,evidence/serial-status.txt; evidence/serial-retry.txt; 主流程DeviceHub执行记录（未落独立日志）,无完整运行证据；静态设计不计通过,实板status两次读取0字节；DeviceHub无全屏操作API且应用调用超时，未形成可执行真机/实板验收链路。不得用模拟器替代；键盘/指针例还需相应外设
CON-03,PROTOCOL_CASES.md:41,板已加入与手机同一测试LAN,Bonjour选板；再断开后手输板IP连接；断开后输不可达地址,两种有效路径均TCP5370可PING；错误地址失败且可重试,阻塞,待真机/370 LED测试板；BLE/TCP/系统权限或外设条件依用例,evidence/serial-status.txt; evidence/serial-retry.txt; 主流程DeviceHub执行记录（未落独立日志）,无完整运行证据；静态设计不计通过,实板status两次读取0字节；DeviceHub无全屏操作API且应用调用超时，未形成可执行真机/实板验收链路。不得用模拟器替代；键盘/指针例还需相应外设
CON-04,PROTOCOL_CASES.md:42,替身可挂起A connect、B即时成功,开始A连接→B连接成功→释放A；同时检查ConnectionViewModel与BoardStore,B保留；A返回失败且不保存A为成功、不覆盖阶段/名称,未测试,冻结16:35版；iPhone 17 Pro / iOS26.5 Simulator / zh-Hans；模型测试无实板,evidence/frozen-baseline.log:1714#testLateCompletionFromSupersededConnectCannotOverwriteNewConnection,部分自动化证据：底层旧connect晚完成不覆盖新transport/代次通过；ViewModel、设备名与面板库隔离未全部覆盖；testLateCompletionFromSupersededConnectCannotOverwriteNewConnection=通过,完整原用例仍未执行；须补原文中未覆盖的UI/边界/生命周期/设备步骤，不能按子测试通过数标整例通过
CON-05,PROTOCOL_CASES.md:43,真机，分别建立BLE和TCP,连通后拔掉测试板电源→恢复；手动断开另做一轮,非手动断线重连有状态；恢复后preview/status/power默认事件继续；手动断开不自行连接,阻塞,待真机/370 LED测试板；BLE/TCP/系统权限或外设条件依用例,evidence/serial-status.txt; evidence/serial-retry.txt; 主流程DeviceHub执行记录（未落独立日志）,无完整运行证据；静态设计不计通过,实板status两次读取0字节；DeviceHub无全屏操作API且应用调用超时，未形成可执行真机/实板验收链路。不得用模拟器替代；键盘/指针例还需相应外设
CON-06,PROTOCOL_CASES.md:44,TCP连接稳定,前台无操作至少25秒，再PING、发送已知单点帧,5秒PING保活防止固件20秒闲置踢除；操作正常，无幽灵connected,阻塞,待真机/370 LED测试板；BLE/TCP/系统权限或外设条件依用例,evidence/serial-status.txt; evidence/serial-retry.txt; 主流程DeviceHub执行记录（未落独立日志）,无完整运行证据；静态设计不计通过,实板status两次读取0字节；DeviceHub无全屏操作API且应用调用超时，未形成可执行真机/实板验收链路。不得用模拟器替代；键盘/指针例还需相应外设
WIFI-01,PROTOCOL_CASES.md:45,定位未授权的真机，已连接Wi-Fi,首次进连接页观察；只有点读取当前Wi-Fi才授权；允许精确定位后读取,进入不自动请求；手机SSID单独显示，不把面板SSID或transport当手机SSID,阻塞,待真机/370 LED测试板；BLE/TCP/系统权限或外设条件依用例,evidence/serial-status.txt; evidence/serial-retry.txt; 主流程DeviceHub执行记录（未落独立日志）,无完整运行证据；静态设计不计通过,实板status两次读取0字节；DeviceHub无全屏操作API且应用调用超时，未形成可执行真机/实板验收链路。不得用模拟器替代；键盘/指针例还需相应外设
WIFI-02,PROTOCOL_CASES.md:46,真机，可重置授权,分别拒绝定位、关闭精确定位、系统不返回SSID；每次点击读取,分别权限拒绝/需要精确定位/不可读取；不能断言“手机断网”；BLE仍可控制,阻塞,待真机/370 LED测试板；BLE/TCP/系统权限或外设条件依用例,evidence/serial-status.txt; evidence/serial-retry.txt; 主流程DeviceHub执行记录（未落独立日志）,无完整运行证据；静态设计不计通过,实板status两次读取0字节；DeviceHub无全屏操作API且应用调用超时，未形成可执行真机/实板验收链路。不得用模拟器替代；键盘/指针例还需相应外设
WIFI-03,PROTOCOL_CASES.md:47,BLE连板，测试2.4GHz家庭网可见,板扫描→选SSID→输入密码→连接；等home已关联→点切换Wi-Fi→PING,凭据、等待、板已加入、App TCP连接分阶段；板SSID/IP/profile正确,阻塞,待真机/370 LED测试板；BLE/TCP/系统权限或外设条件依用例,evidence/serial-status.txt; evidence/serial-retry.txt; 主流程DeviceHub执行记录（未落独立日志）,无完整运行证据；静态设计不计通过,实板status两次读取0字节；DeviceHub无全屏操作API且应用调用超时，未形成可执行真机/实板验收链路。不得用模拟器替代；键盘/指针例还需相应外设
WIFI-04,PROTOCOL_CASES.md:48,BLE连板，故意错误的测试密码,家庭配网→等待45秒结果→修正密码重试,错误可见、无永久忙碌；重试成功；不显示App已TCP连接,阻塞,待真机/370 LED测试板；BLE/TCP/系统权限或外设条件依用例,evidence/serial-status.txt; evidence/serial-retry.txt; 主流程DeviceHub执行记录（未落独立日志）,无完整运行证据；静态设计不计通过,实板status两次读取0字节；DeviceHub无全屏操作API且应用调用超时，未形成可执行真机/实板验收链路。不得用模拟器替代；键盘/指针例还需相应外设
WIFI-05,PROTOCOL_CASES.md:49,iPhone个人热点可用；home关闭或不可见；BLE连板,iOS设置开启允许其他人加入，必要时最大兼容性；输入实际热点名/测试密码或选板扫描结果；配网,profile=hotspot才通过；以板上报IP连接TCP；不使用通用iPhone作默认真实SSID,阻塞,待真机/370 LED测试板；BLE/TCP/系统权限或外设条件依用例,evidence/serial-status.txt; evidence/serial-retry.txt; 主流程DeviceHub执行记录（未落独立日志）,无完整运行证据；静态设计不计通过,实板status两次读取0字节；DeviceHub无全屏操作API且应用调用超时，未形成可执行真机/实板验收链路。不得用模拟器替代；键盘/指针例还需相应外设
WIFI-06,PROTOCOL_CASES.md:50,WIFI-05成功,杀进程重启进入热点页；更换SSID；切回原SSID；清除热点配置后再次重启,已确认SSID/密码按账户恢复；换SSID不串密码；清除本机密码与板配置一致,阻塞,待真机/370 LED测试板；BLE/TCP/系统权限或外设条件依用例,evidence/serial-status.txt; evidence/serial-retry.txt; 主流程DeviceHub执行记录（未落独立日志）,无完整运行证据；静态设计不计通过,实板status两次读取0字节；DeviceHub无全屏操作API且应用调用超时，未形成可执行真机/实板验收链路。不得用模拟器替代；键盘/指针例还需相应外设
WIFI-07,PROTOCOL_CASES.md:51,注入Keychain save/delete失败的测试替身,完成热点关联后触发保存失败；另做删除失败；重启/读存储对照UI,UI不得声称密码已保存/已删除；保留可重试信息,未测试,冻结版待验收；按前置条件执行；环境结果见COVERAGE.md；本用例未覆盖部分仍待执行,PROTOCOL_CASES.md:51（仅用例定义，无运行证据）,无完整运行证据；静态设计不计通过,尚未逐步执行全部步骤/预期
WIFI-08,PROTOCOL_CASES.md:52,板BLE连通；默认AP配置已核实,设Wi-Fi模式ap→iPhone点板直连→允许系统加入→等待关联→PING,确认加入后再TCP192.168.1.14:5370；阶段与实际传输一致,阻塞,待真机/370 LED测试板；BLE/TCP/系统权限或外设条件依用例,evidence/serial-status.txt; evidence/serial-retry.txt; 主流程DeviceHub执行记录（未落独立日志）,无完整运行证据；静态设计不计通过,实板status两次读取0字节；DeviceHub无全屏操作API且应用调用超时，未形成可执行真机/实板验收链路。不得用模拟器替代；键盘/指针例还需相应外设
WIFI-09,PROTOCOL_CASES.md:53,同WIFI-08,拒绝系统加入；再用错误/不可见AP；再正常重试,分别显示失败、可重试；不能仅配置安装完成就显示连接成功,阻塞,待真机/370 LED测试板；BLE/TCP/系统权限或外设条件依用例,evidence/serial-status.txt; evidence/serial-retry.txt; 主流程DeviceHub执行记录（未落独立日志）,无完整运行证据；静态设计不计通过,实板status两次读取0字节；DeviceHub无全屏操作API且应用调用超时，未形成可执行真机/实板验收链路。不得用模拟器替代；键盘/指针例还需相应外设
WIFI-10,PROTOCOL_CASES.md:54,替身或两块测试板,A开始home/hotspot配网，等待中切B；B发送同profile但不同SSID事件,A流程取消/失效；不操作B、不接受B事件完成A流程；参见静态风险1,未测试,冻结版待验收；按前置条件执行；环境结果见COVERAGE.md；本用例未覆盖部分仍待执行,PROTOCOL_CASES.md:54（仅用例定义，无运行证据）,无完整运行证据；静态设计不计通过,尚未逐步执行全部步骤/预期
WIFI-11,PROTOCOL_CASES.md:55,两组测试凭据已保存,home/hotspot都可见时重连；关闭home后重连；都关闭等AP与60秒重试；再恢复一网,home优先，其次hotspot，皆无回退AP；分别记录扫描/15秒关联/60秒重试,阻塞,待真机/370 LED测试板；BLE/TCP/系统权限或外设条件依用例,evidence/serial-status.txt; evidence/serial-retry.txt; 主流程DeviceHub执行记录（未落独立日志）,无完整运行证据；静态设计不计通过,实板status两次读取0字节；DeviceHub无全屏操作API且应用调用超时，未形成可执行真机/实板验收链路。不得用模拟器替代；键盘/指针例还需相应外设
WIFI-12,PROTOCOL_CASES.md:56,BLE连板,改名24 ASCII字节/8汉字→25字节/9汉字→清空；注入persisted:false,合法生效，超限阻止，清空恢复默认；persisted:false明确重启会丢失,阻塞,待真机/370 LED测试板；BLE/TCP/系统权限或外设条件依用例,evidence/serial-status.txt; evidence/serial-retry.txt; 主流程DeviceHub执行记录（未落独立日志）,无完整运行证据；静态设计不计通过,实板status两次读取0字节；DeviceHub无全屏操作API且应用调用超时，未形成可执行真机/实板验收链路。不得用模拟器替代；键盘/指针例还需相应外设
DBG-01,PROTOCOL_CASES.md:62,离线首次打开Debug；另有缺字段响应替身,查概览→连接并刷新→等31秒→断线,未采样/未知；输入不全不估算功率；显示采样时间/陈旧/断线前，不伪造0或健康,未测试,冻结版待验收；按前置条件执行；环境结果见COVERAGE.md；本用例未覆盖部分仍待执行,PROTOCOL_CASES.md:62（仅用例定义，无运行证据）,无完整运行证据；静态设计不计通过,尚未逐步执行全部步骤/预期
DBG-02,PROTOCOL_CASES.md:63,真板有EV_LOG能力,开日志→制造可识别板端事件→按来源/级别/搜索过滤→冻结→产生新日志→恢复→关闭→断线重连,来源正确；冻结只冻结展示；恢复可见新增；关闭不继续订阅；断线状态清楚，重连默认log关闭可重新开启,阻塞,待真机/370 LED测试板；BLE/TCP/系统权限或外设条件依用例,evidence/serial-status.txt; evidence/serial-retry.txt; 主流程DeviceHub执行记录（未落独立日志）,无完整运行证据；静态设计不计通过,实板status两次读取0字节；DeviceHub无全屏操作API且应用调用超时，未形成可执行真机/实板验收链路。不得用模拟器替代；键盘/指针例还需相应外设
DBG-03,PROTOCOL_CASES.md:64,本机DebugViewModel测试,注入普通password、带空格Bearer、转义引号密码、嵌套JSON测试字符串→复制/分享日志,导出不残留任何测试秘密完整值或尾部；普通诊断文字保留；检查500条上限与120条显示,失败,冻结16:35版；iPhone 17 Pro / iOS26.5 Simulator / zh-Hans；模型测试无实板,evidence/frozen-baseline.log:1703#testLogExportRedactsJSONPasswordAndKeepsDiagnosticContext; evidence/frozen-baseline.log:1701#testLogExportRedactsEntireBearerAuthorizationValue; evidence/frozen-baseline.log:1698#testLogExportDoesNotLeakPasswordSuffixAfterEscapedJSONQuote,部分自动化证据：普通JSON脱敏通过；Bearer token与转义引号密码后缀残留均失败；分享UI、所有字段及清空/容量未全执行；testLogExportRedactsJSONPasswordAndKeepsDiagnosticContext=通过；testLogExportRedactsEntireBearerAuthorizationValue=失败；testLogExportDoesNotLeakPasswordSuffixAfterEscapedJSONQuote=失败,已执行步骤违反明确预期；其余步骤未测试，仍须补验
DBG-04,PROTOCOL_CASES.md:65,真板正播放文字/演出,依次本机预览棋盘/边框/全黑→观察LED与当前输出；再明确发送棋盘,预览不改变板播放；发送才取得Debug输出，旧源停止且无迟到帧覆盖,阻塞,待真机/370 LED测试板；BLE/TCP/系统权限或外设条件依用例,evidence/serial-status.txt; evidence/serial-retry.txt; 主流程DeviceHub执行记录（未落独立日志）,无完整运行证据；静态设计不计通过,实板status两次读取0字节；DeviceHub无全屏操作API且应用调用超时，未形成可执行真机/实板验收链路。不得用模拟器替代；键盘/指针例还需相应外设
DBG-05,PROTOCOL_CASES.md:66,测试板，低亮度已设,全亮发送先取消再确认；维护重启/清用户表情先取消；清除用测试副本并确认,取消无板命令；确认才执行；默认表情保留；重启显示断连与恢复；校准重置另行记录原值,阻塞,冻结产品；iPhone SE第3代 / iOS26.5模拟器 / zh-Hans；修订定位harness,evidence/serial-status.txt; evidence/serial-retry.txt; 主流程DeviceHub执行记录（未落独立日志）; evidence/se.log:472,无完整运行证据；静态设计不计通过；Debug CLEAR确认弹窗取消成功且本地启动动画重播结束返回Debug通过；未发送维护命令，未测连续双重播/真实清除,实板status两次读取0字节；DeviceHub无全屏操作API且应用调用超时，未形成可执行真机/实板验收链路。不得用模拟器替代；键盘/指针例还需相应外设
DBG-06,PROTOCOL_CASES.md:67,替身回复ERR或ok:false,原始命令无效JSON/未确认尝试发送；有效确认后分别拒绝/超时/成功,无效/未确认不发送；拒绝与传输失败区别可见；结果保留，不虚报成功,未测试,冻结16:35版；iPhone 17 Pro / iOS26.5 Simulator / zh-Hans；模型测试无实板,evidence/frozen-baseline.log:1712#testCommandRejectsFirmwareReplyWithOkFalse,部分自动化证据：普通command封装拒绝ok:false通过；Debug原始命令UI/统计/超时路径不同未覆盖；testCommandRejectsFirmwareReplyWithOkFalse=通过,完整原用例仍未执行；须补原文中未覆盖的UI/边界/生命周期/设备步骤，不能按子测试通过数标整例通过
DBG-07,PROTOCOL_CASES.md:68,替身STATUS/POWER含未知嵌套字段,刷新→原始数据搜索字段和值→查看原始JSON,未识别字段仍可诊断；不被typed decode抹掉；缺字段不等于false,未测试,冻结16:35版；iPhone 17 Pro / iOS26.5 Simulator / zh-Hans；模型测试无实板,evidence/frozen-baseline.log:1705#testRawDiagnosticsKeepUnknownNestedFieldsAndNullValues,部分自动化证据：未知嵌套字段/数组/null及JSON保留通过；STATUS/POWER真实刷新及搜索UI未覆盖；testRawDiagnosticsKeepUnknownNestedFieldsAndNullValues=通过,完整原用例仍未执行；须补原文中未覆盖的UI/边界/生命周期/设备步骤，不能按子测试通过数标整例通过
PERSIST-01,PROTOCOL_CASES.md:69,离线，实时同步关闭,控制画独特草稿；文字编辑未发送文本；后台再终止重启,两份草稿分别恢复；不自动发送，不改变本机/面板表情库，不标记发送成功,未测试,冻结产品；iPhone SE第3代 / iOS26.5模拟器 / zh-Hans；修订定位harness；另iPhone17Pro/iOS27,evidence/frozen-baseline.log:1730#testMissingDraftReturnsNilAndAtomicWriteCanBeReplaced; evidence/ios27.log:285#AcceptanceDefaultsTests.testRealtimeOutputIsOffForANewEditor; evidence/se.log:892; evidence/ios27.log:994,部分自动化证据：DraftStorage临时目录原子写替换通过；不证明实际控制/文字模型恢复、文件损坏与UI写失败；testMissingDraftReturnsNilAndAtomicWriteCanBeReplaced=通过；另有新编辑器默认livePreview关闭要求回归失败（iOS27，冻结产品加后续harness）；不等于本例手动关闭后的行为失败；真实TextEditor输入中英日emoji换行，后台及重启恢复文字通过；速度/控制草稿/存储失败等原用例剩余步骤未测,完整原用例仍未执行；须补原文中未覆盖的UI/边界/生命周期/设备步骤，不能按子测试通过数标整例通过
PERSIST-02,PROTOCOL_CASES.md:70,可注入草稿文件损坏/写失败的测试环境,原有效草稿→写新内容失败→重启；另做损坏JSON恢复,原有效文件不被半写破坏；错误可见；恢复策略清楚；不静默宣称保存成功,未测试,冻结16:35版；iPhone 17 Pro / iOS26.5 Simulator / zh-Hans；模型测试无实板,evidence/frozen-baseline.log:1730#testMissingDraftReturnsNilAndAtomicWriteCanBeReplaced,部分自动化证据：DraftStorage临时目录原子写替换通过；不证明实际控制/文字模型恢复、文件损坏与UI写失败；testMissingDraftReturnsNilAndAtomicWriteCanBeReplaced=通过,完整原用例仍未执行；须补原文中未覆盖的UI/边界/生命周期/设备步骤，不能按子测试通过数标整例通过
CROSS-01,PROTOCOL_CASES.md:71,真板，六源均可启动,分别手动/自动/文字/口型/演出/Debug启动后用另一源替换；每对至少一次，记录30个有向切换,当前输出唯一；旧源停止或按设计本地音频继续，旧帧/旧回应不覆盖新源,阻塞,待真机/370 LED测试板；BLE/TCP/系统权限或外设条件依用例,evidence/frozen-baseline.log:1716#testSupersededQueuedFrameDoesNotSendAndLateReplyDoesNotChangeCurrentFrame; evidence/frozen-baseline.log:1710#testCancellingInflightFrameUnblocksNewSessionAndQuarantinesLateReply; evidence/serial-status.txt; evidence/serial-retry.txt; 主流程DeviceHub执行记录（未落独立日志）,部分自动化证据：假transport过期队列/在途取消与迟到响应隔离通过；全部输出源/页面UI/物理LED步骤未全部覆盖；testSupersededQueuedFrameDoesNotSendAndLateReplyDoesNotChangeCurrentFrame=通过；testCancellingInflightFrameUnblocksNewSessionAndQuarantinesLateReply=通过,实板status两次读取0字节；DeviceHub无全屏操作API且应用调用超时，未形成可执行真机/实板验收链路。不得用模拟器替代；键盘/指针例还需相应外设
CROSS-02,PROTOCOL_CASES.md:72,可延迟setFrame替身,挂起Debug帧A、排队帧B→手动新session→取消旧请求→发新帧C→释放旧应答,A/B不发布，B不发送；新帧C继续完成；现有测试可作自动化基础,未测试,冻结16:35版；iPhone 17 Pro / iOS26.5 Simulator / zh-Hans；模型测试无实板；模型子项在SE3/iOS26.5专用模拟器完成（冻结产品+新增harness）,evidence/frozen-baseline.log:1716#testSupersededQueuedFrameDoesNotSendAndLateReplyDoesNotChangeCurrentFrame; evidence/frozen-baseline.log:1710#testCancellingInflightFrameUnblocksNewSessionAndQuarantinesLateReply; evidence/models-retry.log:146#testReleaseOutputClearsPlaybackBindingAndPhaseButKeepsUnsentDraft,部分自动化证据：假transport过期队列/在途取消与迟到响应隔离通过；全部输出源/页面UI/物理LED步骤未全部覆盖；testSupersededQueuedFrameDoesNotSendAndLateReplyDoesNotChangeCurrentFrame=通过；testCancellingInflightFrameUnblocksNewSessionAndQuarantinesLateReply=通过；离线模型子项testReleaseOutputClearsPlaybackBindingAndPhaseButKeepsUnsentDraft通过；不证明触摸/触感/UI/真实循环与面板时序,完整原用例仍未执行；须补原文中未覆盖的UI/边界/生命周期/设备步骤，不能按子测试通过数标整例通过
CROSS-03,PROTOCOL_CASES.md:73,真机口型权限未决定,点开始→权限弹窗时离开口型→允许；另做后台和断连,不迟到启动麦克风；后台/离开/断连释放；恢复需明确开始,阻塞,待真机/370 LED测试板；BLE/TCP/系统权限或外设条件依用例,evidence/serial-status.txt; evidence/serial-retry.txt; 主流程DeviceHub执行记录（未落独立日志）,无完整运行证据；静态设计不计通过,实板status两次读取0字节；DeviceHub无全屏操作API且应用调用超时，未形成可执行真机/实板验收链路。不得用模拟器替代；键盘/指针例还需相应外设
CROSS-04,PROTOCOL_CASES.md:74,真机演出音频播放中,断开板→观察本地音频→恢复连接→明确重新同步,音频按设计继续；重连不擅自把旧演出覆盖新板；明确同步后恢复LED,阻塞,待真机/370 LED测试板；BLE/TCP/系统权限或外设条件依用例,evidence/serial-status.txt; evidence/serial-retry.txt; 主流程DeviceHub执行记录（未落独立日志）,无完整运行证据；静态设计不计通过,实板status两次读取0字节；DeviceHub无全屏操作API且应用调用超时，未形成可执行真机/实板验收链路。不得用模拟器替代；键盘/指针例还需相应外设
PROTO-01,PROTOCOL_CASES.md:75,网络替身,MORE分3段响应同seq/type，穿插EV_STATUS；另错type/错seq/ERR,仅正确应答聚合一次；事件独立处理；错匹配不结束请求；ERR抛错,未测试,冻结版待验收；按前置条件执行；环境结果见COVERAGE.md；本用例未覆盖部分仍待执行,PROTOCOL_CASES.md:75（仅用例定义，无运行证据）,无完整运行证据；静态设计不计通过,尚未逐步执行全部步骤/预期
PROTO-02,PROTOCOL_CASES.md:76,GET_FACES替身含gen前缀,多页下载；第二页409→新gen从0重试；再一次409,不拼接两个文档；最多一次重启，第二次错误可见,未测试,冻结版待验收；按前置条件执行；环境结果见COVERAGE.md；本用例未覆盖部分仍待执行,PROTOCOL_CASES.md:76（仅用例定义，无运行证据）,无完整运行证据；静态设计不计通过,尚未逐步执行全部步骤/预期
PROTO-03,PROTOCOL_CASES.md:77,blob替身，分别scroll/bitmap/faces,不同chunkMax上传；插400 expectedOffset、断连、取消；再发新任务,raw scroll切片47字节整倍数；offset正确；有限重同步；取消无旧提交覆盖新会话,未测试,冻结版待验收；按前置条件执行；环境结果见COVERAGE.md；本用例未覆盖部分仍待执行,PROTOCOL_CASES.md:77（仅用例定义，无运行证据）,无完整运行证据；静态设计不计通过,尚未逐步执行全部步骤/预期
PROTO-04,PROTOCOL_CASES.md:78,可控超时替身,挂255请求再第256；另超时后等超过2秒、绕回seq再投旧回复,无continuation丢失/新请求误完成；资源耗尽应受控失败；静态风险5待证实,未测试,冻结版待验收；按前置条件执行；环境结果见COVERAGE.md；本用例未覆盖部分仍待执行,PROTOCOL_CASES.md:78（仅用例定义，无运行证据）,无完整运行证据；静态设计不计通过,尚未逐步执行全部步骤/预期
SNAP-NAV-001,SNAPSHOT_DELTA.md:189,iOS 26，未连接,点附件摘要；关闭；进入设置并点连接设置,摘要打开面板控制 sheet；连接只从设置进入；关闭不换标签,未测试,16:35冻结产品及后续测试harness；按前置待执行,SNAPSHOT_DELTA.md:189（静态差异，非运行证据）,冻结版替代用例；无完整运行证据,核对实际冻结入口结果和剩余步骤；不能复用旧入口断言
SNAP-NAV-002,SNAPSHOT_DELTA.md:190,可传启动参数,分别以 `faces/connect/debug` 启动,`faces` 停在控制；`connect` 停在设置根；`debug` 推入 Debug,未测试,16:35冻结产品及后续测试harness；按前置待执行,SNAPSHOT_DELTA.md:190（静态差异，非运行证据）,冻结版替代用例；无完整运行证据,核对实际冻结入口结果和剩余步骤；不能复用旧入口断言
SNAP-CTL-001,SNAPSHOT_DELTA.md:191,iOS 26，已连接，实时预览关闭,编辑控制草稿；点附件最右发送,只由附件发送；进度可见；附件操作不展开 sheet,阻塞,16:35冻结产品及后续测试harness；按前置待执行,SNAPSHOT_DELTA.md:191（静态差异，非运行证据）; evidence/serial-status.txt; evidence/serial-retry.txt,冻结版替代用例；无完整运行证据,status两次0字节；DeviceHub全屏API缺失及应用超时，硬件链路不可执行
SNAP-CTL-002,SNAPSHOT_DELTA.md:192,iOS 17，已连接，实时预览关闭,编辑草稿；检查控制页、设置和控制中心所有可见操作,记录是否有明确可达的发送动作；若无，引用冻结代码和录屏交产品范围判定,阻塞,16:35冻结产品及后续测试harness；按前置待执行,SNAPSHOT_DELTA.md:192（静态差异，非运行证据）; evidence/runtimes.json,冻结版替代用例；无完整运行证据,iOS17 runtime缺失；SNAP-FACE-001的iOS26分支在本索引也未确认完成
SNAP-CTL-003,SNAPSHOT_DELTA.md:193,未连接,编辑草稿；检查保存；重启后恢复,面板保存禁用；不存在本机库保存入口；草稿持久化仍应工作,未测试,冻结产品；iPhone SE第3代 / iOS26.5模拟器 / zh-Hans；修订定位harness,SNAPSHOT_DELTA.md:193（静态差异，非运行证据）; evidence/ios27.log:285#AcceptanceDefaultsTests.testRealtimeOutputIsOffForANewEditor; evidence/se.log:789,冻结版替代用例；无完整运行证据；另有新编辑器默认livePreview关闭要求回归失败（iOS27，冻结产品加后续harness）；不等于本例手动关闭后的行为失败；确认冻结UI离线保存按钮存在但禁用，与本SNAP记录冻结事实一致；本例编辑/草稿重启尚未执行，不标整例通过,核对实际冻结入口结果和剩余步骤；不能复用旧入口断言
SNAP-CTL-004,SNAPSHOT_DELTA.md:194,VoiceOver,不用坐标拖画，尝试指定并修改某一 LED,记录是否存在等效可操作路径；冻结版没有旧 Stepper，不以静态阅读代替结果,未测试,16:35冻结产品及后续测试harness；按前置待执行,SNAPSHOT_DELTA.md:194（静态差异，非运行证据）,冻结版替代用例；无完整运行证据,核对实际冻结入口结果和剩余步骤；不能复用旧入口断言
SNAP-FACE-001,SNAPSHOT_DELTA.md:195,iOS 17 与 iOS 26 各一次,按实际导航进入表情库,iOS 17：设置→控制中心→管理表情；iOS 26：附件→控制中心→管理表情,阻塞,冻结产品；iPhone SE第3代 / iOS26.5模拟器 / zh-Hans；修订定位harness,SNAPSHOT_DELTA.md:195（静态差异，非运行证据）; evidence/runtimes.json; evidence/se.log:758,冻结版替代用例；无完整运行证据；实际经附件面板控制→管理表情进入表情库；旧全亮组合测试定位失败不再是库入口不可达证据；关闭返回/在线分支/iOS17未全测,iOS17 runtime缺失；SNAP-FACE-001的iOS26分支在本索引也未确认完成
SNAP-FACE-002,SNAPSHOT_DELTA.md:196,未连接/已连接各一次,遍历表情库全部控件,记录仅面板库可见；没有本机切换、搜索、详情、多选、复制、撤销入口,阻塞,冻结产品；iPhone SE第3代 / iOS26.5模拟器 / zh-Hans；修订定位harness,SNAPSHOT_DELTA.md:196（静态差异，非运行证据）; evidence/serial-status.txt; evidence/serial-retry.txt; evidence/se.log:758,冻结版替代用例；无完整运行证据；已进入冻结表情库，确认本机位置缺失；该SNAP要求记录冻结现状，不能把此观察自动判SNAP失败；其他控件与在线分支未全测,status两次0字节；DeviceHub全屏API缺失及应用超时，硬件链路不可执行
SNAP-FACE-003,SNAPSHOT_DELTA.md:197,面板有默认及用户表情,从表情库和控制中心分别触发编辑,记录停留页面、反馈、控制草稿、目标 ID/连接代次和后续保存库,阻塞,16:35冻结产品及后续测试harness；按前置待执行,SNAPSHOT_DELTA.md:197（静态差异，非运行证据）; evidence/serial-status.txt; evidence/serial-retry.txt,冻结版替代用例；无完整运行证据,status两次0字节；DeviceHub全屏API缺失及应用超时，硬件链路不可执行
SNAP-CC-001,SNAPSHOT_DELTA.md:198,iOS 26，已连接,逐一操作附件上一步、下一步、自动、颜色、发送；分别点摘要和控件,五项控制各执行一次且不会展开；摘要才展开；面板和展开页一致,阻塞,16:35冻结产品及后续测试harness；按前置待执行,SNAPSHOT_DELTA.md:198（静态差异，非运行证据）; evidence/serial-status.txt; evidence/serial-retry.txt,冻结版替代用例；无完整运行证据,status两次0字节；DeviceHub全屏API缺失及应用超时，硬件链路不可执行
SNAP-CONN-001,SNAPSHOT_DELTA.md:199,所有连接环境,从设置进入连接；完成 BLE/家庭/直连/个人热点路径,全部位于同一 Form；记录各阶段实际可见文案，不套用旧子页或手机 SSID 预期,阻塞,16:35冻结产品及后续测试harness；按前置待执行,SNAPSHOT_DELTA.md:199（静态差异，非运行证据）; evidence/serial-status.txt; evidence/serial-retry.txt,冻结版替代用例；无完整运行证据,status两次0字节；DeviceHub全屏API缺失及应用超时，硬件链路不可执行
SNAP-LIVE-001,SNAPSHOT_DELTA.md:200,当前选中内置演出,在歌曲 Picker 选择“自定义…”,记录是否能显示音频/脚本入口并完成自定义选择；失败时保留页面和选择态证据,未测试,16:35冻结产品及后续测试harness；按前置待执行,SNAPSHOT_DELTA.md:200（静态差异，非运行证据）,冻结版替代用例；无完整运行证据,核对实际冻结入口结果和剩余步骤；不能复用旧入口断言
SNAP-UI-001,SNAPSHOT_DELTA.md:201,iPad 窄/宽窗口与最大字号,遍历控制、文字、口型、演出,按冻结版单栏 List 验证可滚动、无裁切、状态不丢；不要求 760 pt 双栏,未测试,冻结产品；iPad Pro11 M5 / iOS26.5模拟器；默认及zh-Hant/en/ja AXXXL,SNAPSHOT_DELTA.md:201（静态差异，非运行证据）; evidence/ipad-summary.json; evidence/ipad-retry-summary.json; evidence/ipad-retry.log:309; evidence/ipad-retry.log:586; evidence/ipad-screen-retry-summary.json; evidence/screenshots/ipad-full-layout-3-tab-4.png,冻结版替代用例；无完整运行证据；首轮2项定位失败；修定位重试2项通过（标签点击/截图）。app.screenshot横屏裁剪，不能据截图判布局通过；窄窗口/分屏/所有字号与焦点仍未完整执行；最终iPad整屏复测2项通过，五标签横竖屏/繁中英日最大字号点击；旧app截图裁剪未判产品缺陷；完整分屏/键盘/全部页面仍未测,核对实际冻结入口结果和剩余步骤；不能复用旧入口断言
